Warrior(2011),"Departed,The(2006)",Fracture(2007),MyBestFriend'sWedding(1997),Interstellar(2014),JohnWick(2014),StarWars:EpisodeIV-ANewHope(1977),StarWars:EpisodeV-TheEmpireStrikesBack(1980),PulpFiction(1994),HarryPotterandtheSorcererStone(2001),HarryPotterandtheChamberofSecrets(2002),BigHero6(2014),VeryBadThings(1998),DownwithLove(2003),"ForbiddenKingdom,The(2008)",MeettheRobinsons(2007),"BourneUltimatum,The(2007)",HappyGilmore(1996),EternalSunshineoftheSpotlessMind(2004),BillabongOdyssey(2003),TheDUFF(2015),"DarkKnightRises,The(2012)",X-Men(2000),X-MenOrigins:Wolverine(2009),Proof(1991),TopGun(1986),"InvincibleIronMan,The(2007)",Anchorman:TheLegendofRonBurgundy(2004),Up(2009),"LionKing,The(1994)",AlmostFamous(2000),"Hobbit:AnUnexpectedJourney,The(2012)"
0,0,1,0,0,1,1,1,0,0,0,1,1,1,1,1,1,1,0,1,1,1,1,1,0,0,0,0,1,1,0,1
1,1,1,1,0,0,1,1,0,0,0,1,1,0,0,1,1,1,0,1,1,1,1,1,1,1,0,0,1,1,1,1
0,1,1,0,0,1,1,1,0,0,0,1,0,0,1,1,1,1,0,0,1,1,1,1,0,1,0,1,1,1,0,0
1,1,1,1,1,0,1,1,0,0,0,0,0,0,1,1,1,1,1,0,1,1,1,1,1,1,0,0,1,1,1,0
0,0,1,1,0,1,1,0,1,0,0,0,0,1,1,1,1,1,0,1,0,1,1,1,1,1,1,0,0,0,1,1
1,1,1,1,1,1,1,0,0,0,0,0,0,1,1,1,0,1,0,0,1,1,1,1,0,1,1,1,0,0,1,1
1,1,0,1,1,0,1,0,1,0,0,1,0,0,1,1,1,0,0,0,1,1,1,1,0,1,1,1,0,0,0,1
1,0,0,0,1,1,1,0,0,0,0,0,0,0,0,1,1,0,0,1,1,0,0,0,0,1,1,1,0,0,1,1
1,0,0,0,0,0,1,0,0,0,0,1,0,0,1,0,0,0,0,1,0,1,1,1,0,1,1,0,0,0,0,1
0,0,1,0,1,0,1,0,0,0,0,1,0,0,0,0,0,1,0,0,0,1,1,1,0,1,1,1,1,1,0,1
1,0,1,1,0,0,1,0,1,0,0,0,1,1,1,0,1,0,0,0,1,0,0,0,1,1,0,1,1,1,1,0
0,1,1,0,0,0,1,0,0,0,0,1,1,0,0,0,0,0,0,1,1,0,0,0,0,1,0,1,1,1,0,1
1,1,0,1,1,1,1,0,1,0,0,0,1,0,1,1,0,0,0,1,0,1,1,1,1,1,1,0,1,1,0,0
1,0,0,0,0,1,1,0,0,0,0,1,0,1,0,0,0,1,1,1,1,0,0,0,0,1,1,1,1,1,1,0
0,0,0,0,1,0,1,0,1,0,0,0,1,1,0,0,0,1,0,0,1,1,1,1,1,1,0,0,1,1,1,0
0,1,0,0,1,1,1,0,0,0,0,1,0,1,1,0,0,1,1,0,1,1,1,1,1,1,1,1,1,1,1,1
0,1,0,1,0,0,1,0,0,0,0,1,1,0,1,0,1,1,1,0,0,1,1,1,1,1,1,0,1,1,0,0
0,1,0,0,1,0,1,0,0,0,0,0,0,0,0,0,0,0,0,1,1,1,0,0,1,1,1,1,1,1,1,0
0,0,0,1,0,1,1,0,1,0,0,1,0,0,1,1,1,1,1,0,1,1,0,0,1,1,1,1,1,1,1,1
0,0,0,1,1,1,1,0,0,0,0,1,0,0,1,1,1,0,1,1,0,1,0,0,1,1,0,1,1,1,1,1
1,0,1,0,1,1,1,0,0,0,0,1,0,1,0,0,0,0,1,0,0,1,0,0,0,1,0,1,1,1,1,1
1,0,0,0,0,0,1,0,1,0,0,0,0,0,0,0,1,0,1,1,1,1,0,0,0,1,1,1,1,1,1,0
0,1,0,0,1,0,1,0,0,0,0,1,0,0,0,0,1,1,0,1,0,1,0,0,1,1,0,1,1,1,0,1
0,0,1,1,1,1,1,0,0,0,0,1,1,1,1,0,0,1,0,1,1,1,0,0,0,1,1,1,1,1,1,0
0,0,0,1,0,1,1,0,0,0,0,0,0,1,0,1,0,0,1,0,0,1,0,0,1,1,1,1,1,1,1,1
1,1,1,1,0,0,1,0,1,0,0,0,1,0,0,0,0,1,1,1,1,1,0,0,1,1,1,1,1,1,1,1
1,1,1,1,1,0,1,0,0,0,0,0,1,1,1,0,1,0,0,1,0,1,0,0,1,1,1,0,1,1,1,0
0,0,1,1,0,0,1,0,0,0,0,0,1,1,1,0,1,0,1,0,1,1,0,0,1,1,1,1,1,1,0,1
1,0,0,1,0,0,1,0,1,0,0,0,0,0,1,0,0,1,0,0,1,1,1,1,1,1,1,0,1,1,1,0
1,1,1,0,0,0,1,0,0,0,0,0,0,1,0,1,1,1,0,0,0,1,1,1,1,1,0,1,1,1,1,0
1,0,0,0,1,0,1,0,0,0,0,0,1,0,1,0,1,1,0,1,0,1,1,1,0,1,1,0,1,1,0,0
0,1,0,1,1,1,1,0,1,0,0,1,1,0,1,1,1,0,0,0,0,1,1,1,1,1,1,1,1,1,1,0
0,1,0,0,1,1,1,0,0,0,0,0,0,0,0,1,0,0,0,1,1,1,0,0,1,1,0,1,1,1,1,1
1,0,1,1,0,1,1,0,0,1,1,0,0,1,0,0,1,1,0,1,1,1,1,1,0,0,1,0,1,1,1,1
1,0,1,1,0,0,1,0,0,1,1,0,1,1,1,0,1,0,1,1,1,1,1,1,1,0,0,0,1,1,1,1
1,1,1,1,0,1,1,0,1,1,1,1,0,0,1,1,1,0,0,0,0,1,0,0,0,0,1,0,1,1,1,1
0,0,0,1,1,1,1,0,1,1,1,1,0,0,1,0,1,0,1,0,1,1,1,0,1,0,0,1,1,1,0,1
1,1,1,1,0,1,1,0,0,1,1,0,0,1,1,0,1,0,1,1,0,1,1,0,1,0,1,0,1,1,1,0
1,0,1,1,0,0,1,0,1,1,1,0,1,1,0,0,1,0,0,1,1,1,1,0,0,0,0,1,1,1,1,0
1,1,0,1,0,0,1,0,1,1,1,0,0,1,1,1,1,1,0,0,0,1,0,0,0,0,0,0,1,1,0,0
1,0,1,0,0,0,1,0,1,1,1,1,0,1,0,1,0,1,0,1,1,1,1,0,0,0,0,0,1,1,1,0
1,1,0,1,1,0,1,0,0,1,1,1,0,0,0,0,0,0,1,1,1,1,1,0,0,0,1,0,1,1,0,0
0,0,1,1,1,0,1,0,1,1,1,1,1,1,1,0,1,1,1,1,0,1,1,0,0,1,0,1,1,1,0,0
1,0,0,1,0,1,1,0,0,1,1,1,1,0,0,0,1,1,0,0,0,1,1,0,1,0,1,0,0,0,1,0
0,0,0,1,1,0,1,0,1,1,1,0,0,0,0,1,1,1,0,0,1,1,0,0,0,1,1,0,0,0,0,0
1,0,0,1,0,1,1,1,1,1,1,0,0,1,1,1,1,1,0,0,0,1,1,0,0,0,1,0,0,0,0,0
1,0,1,1,0,1,1,1,1,1,1,0,0,0,0,1,0,0,1,1,1,1,1,0,1,1,0,0,0,0,0,0
0,1,0,0,0,1,1,1,1,1,1,1,1,1,0,0,1,1,1,0,1,1,0,0,0,1,1,0,0,0,1,0
0,1,1,1,0,1,1,1,0,1,1,1,1,1,0,0,1,1,1,0,1,1,0,0,1,1,0,1,1,1,0,0
1,1,0,0,0,0,1,1,1,1,1,1,1,0,1,0,1,1,1,1,1,1,1,0,0,1,1,1,1,1,1,0
0,0,0,0,1,0,1,1,0,1,1,1,1,0,1,0,1,0,0,0,1,1,1,0,0,1,0,0,1,1,1,0
1,0,1,0,0,1,1,1,0,1,1,1,1,1,0,1,0,1,1,1,1,1,0,0,1,1,1,0,1,1,1,0
0,1,0,0,0,0,1,1,1,1,1,1,0,0,0,1,1,0,1,0,0,1,0,0,1,1,0,0,1,1,1,0
1,0,0,0,1,0,1,1,1,1,1,1,1,1,1,1,1,1,1,0,0,1,0,0,0,1,0,1,1,1,1,0
0,1,0,0,1,1,1,1,1,1,1,0,0,1,1,0,0,0,0,0,1,1,0,0,1,0,0,1,1,1,1,0
0,0,0,0,0,1,1,1,0,1,1,1,0,1,0,1,0,1,1,1,0,1,0,0,1,0,1,1,1,1,1,0
1,1,0,0,1,1,1,1,1,1,1,1,0,0,0,0,1,1,0,1,0,1,0,0,0,1,1,0,1,1,0,0
0,0,0,1,0,1,1,1,0,1,1,0,1,0,0,0,0,0,1,1,0,1,1,0,0,0,1,0,1,1,1,0
1,1,1,0,1,1,1,1,1,1,1,1,0,1,1,1,0,0,1,1,1,1,0,0,0,1,1,0,1,1,0,0
0,1,1,1,1,1,1,1,0,1,1,0,0,1,1,1,0,0,0,0,1,1,0,0,0,0,0,1,1,1,1,0
1,1,0,1,1,0,1,1,0,1,1,0,1,1,1,0,1,0,1,0,1,1,0,0,0,0,0,1,1,1,1,0
1,1,1,1,0,1,1,1,1,1,1,0,0,1,0,1,0,1,0,0,0,1,1,0,1,1,1,1,1,1,0,0
1,0,0,0,0,0,1,1,1,1,1,1,0,1,0,1,1,0,1,0,0,1,0,0,1,1,1,1,1,1,1,0
1,1,1,0,0,0,1,1,1,1,1,0,0,0,1,1,0,0,1,1,1,1,0,0,1,0,0,1,1,1,0,0
0,0,0,1,1,0,1,1,1,1,1,1,1,0,1,0,0,0,1,0,0,1,0,0,0,0,1,0,1,1,0,0
1,0,1,1,0,0,1,1,1,1,1,1,1,0,1,1,1,0,0,0,0,1,1,0,1,0,1,0,1,1,1,0
1,0,1,1,1,0,1,1,0,1,1,1,0,0,0,1,1,1,1,1,0,1,1,1,1,0,1,1,1,1,0,0
1,0,0,1,0,1,1,1,0,1,1,1,1,0,1,0,1,1,0,1,0,1,0,0,1,0,1,1,1,1,1,0
0,1,1,1,0,0,1,1,1,1,1,1,1,1,1,0,0,1,1,0,1,1,0,0,1,1,1,1,1,1,1,0
0,1,0,0,1,1,1,1,0,1,1,1,0,1,0,0,1,1,0,0,1,1,0,0,0,0,0,0,1,1,0,0
0,1,0,1,1,0,1,1,1,1,1,0,1,0,0,1,1,1,0,0,0,1,0,0,1,0,0,0,1,1,0,0
0,0,0,1,1,0,1,1,1,1,1,0,0,1,0,1,1,0,0,1,1,1,1,1,0,1,0,1,1,1,0,1
0,1,1,1,0,1,1,1,0,1,1,0,1,0,0,0,1,1,1,0,0,1,1,1,1,1,0,0,1,1,0,1
1,1,1,1,1,1,1,1,0,1,1,1,1,0,0,0,1,1,1,1,0,1,0,0,0,1,0,0,1,1,0,1
0,1,1,0,0,1,1,1,0,1,1,1,1,1,1,0,1,0,0,0,1,1,0,0,0,0,0,1,1,1,0,0
0,0,1,0,1,1,1,1,0,1,1,1,1,0,1,1,1,0,1,1,1,1,0,0,1,0,0,0,1,1,0,0
0,1,0,1,0,1,1,1,0,1,1,0,0,0,1,0,0,1,0,1,1,1,0,0,1,1,0,0,1,1,1,1
1,0,0,1,1,0,1,1,0,1,1,0,0,0,0,1,0,1,1,0,1,1,1,1,0,0,0,0,1,1,1,1
1,1,1,0,0,1,1,1,1,1,1,0,1,1,1,1,0,0,1,0,1,1,1,1,0,1,1,1,1,1,1,1
0,0,0,0,1,1,1,1,0,1,1,0,1,1,1,0,0,1,1,1,1,1,1,1,0,1,1,1,1,1,1,1
0,0,0,0,1,0,1,1,0,1,1,1,0,0,0,1,0,1,0,1,0,1,1,1,0,0,0,0,1,1,0,0
0,1,0,0,1,0,1,1,1,1,1,1,0,0,1,0,0,1,0,1,1,1,1,0,1,0,0,1,1,1,1,0
1,1,0,0,0,1,1,1,1,1,1,1,1,1,0,1,1,0,1,0,1,1,1,1,1,1,0,1,1,1,1,0
0,0,0,1,1,1,1,1,0,1,1,1,0,0,0,1,1,1,0,1,0,1,1,0,1,0,1,0,1,1,0,0
0,0,1,1,0,1,1,1,0,1,1,1,0,0,0,1,0,0,1,0,1,1,1,0,0,0,1,0,1,1,0,0
1,1,1,1,1,0,1,1,0,1,1,0,1,1,1,1,1,1,1,1,1,1,1,0,1,0,1,1,1,1,1,0
1,1,0,1,0,1,1,1,1,1,1,0,0,1,0,1,1,0,1,1,0,1,1,0,1,1,1,0,1,1,1,0
1,1,0,0,1,0,1,1,0,1,1,0,0,1,0,0,0,1,0,0,1,1,1,1,0,1,0,1,1,1,0,0
1,0,0,1,1,1,1,1,1,1,1,0,0,1,1,1,1,1,1,1,0,1,1,1,0,1,1,0,1,1,0,0
0,1,1,1,0,1,1,1,0,1,1,0,0,0,1,1,1,1,0,1,1,1,1,0,0,1,0,1,1,1,1,0
1,0,0,1,1,1,1,1,1,1,1,1,0,1,0,1,0,0,0,0,0,1,1,0,1,0,1,1,1,1,0,0
1,0,0,1,0,1,1,1,0,1,1,1,0,0,0,0,0,1,0,0,0,1,1,0,1,0,0,1,1,1,0,0
0,0,1,1,0,0,1,1,1,1,1,1,0,0,0,1,1,0,0,1,0,1,1,0,0,1,1,0,1,1,0,0
0,0,0,1,1,1,1,1,1,1,1,1,1,0,0,1,1,0,1,1,1,1,1,1,1,1,1,1,1,1,0,0
0,1,0,0,1,1,1,1,1,1,1,0,0,1,0,0,0,1,0,0,0,1,1,1,0,1,1,0,1,1,0,0
1,1,1,1,0,0,1,1,0,0,0,1,0,0,1,0,1,1,0,0,1,1,1,1,1,1,0,0,1,1,1,0
0,0,1,0,1,1,1,1,0,0,0,1,1,1,0,1,0,1,1,0,1,1,1,1,1,0,1,1,1,1,1,0
0,0,0,0,1,1,1,1,1,0,0,0,0,0,0,0,0,0,0,1,1,1,1,1,1,1,1,1,1,1,1,0
1,1,1,1,0,1,1,1,0,0,0,0,1,1,0,0,1,0,0,1,0,1,1,0,1,1,1,1,1,1,1,0
0,1,0,1,0,1,1,1,1,0,0,1,0,0,1,0,1,1,0,0,0,1,1,0,1,0,0,0,1,1,0,0
1,1,1,0,0,0,1,1,0,0,0,1,1,0,0,1,1,0,0,1,0,1,1,0,1,1,0,0,1,1,0,0
1,1,1,1,1,0,1,1,0,0,0,1,0,0,0,1,1,1,1,0,0,1,1,0,1,0,1,1,1,1,1,0
1,1,1,0,1,0,1,1,1,0,0,1,0,0,0,0,0,0,1,0,1,1,1,0,0,1,1,0,1,1,0,0
0,1,0,1,1,1,1,1,0,0,0,0,1,0,0,1,0,1,0,1,0,1,1,1,0,1,0,0,1,1,1,0
1,1,1,1,1,0,1,1,0,0,0,1,0,0,1,1,1,1,0,1,0,1,1,0,0,1,0,0,1,1,0,0
1,1,1,0,0,1,1,1,1,0,0,0,1,1,0,1,1,0,0,0,0,1,1,1,1,1,0,1,1,1,1,0
1,1,0,0,1,1,1,1,1,1,1,0,0,1,1,0,0,0,0,1,1,1,1,1,1,1,1,0,1,1,0,0
0,0,0,0,1,1,1,1,1,1,1,0,1,0,0,1,1,0,1,1,0,1,1,1,1,1,1,0,1,1,0,0
0,0,1,1,1,1,1,1,0,1,1,0,1,0,1,1,0,0,1,0,1,1,1,1,0,1,0,1,1,1,0,0
1,1,0,0,1,1,1,1,1,1,1,0,0,0,0,1,0,1,0,0,0,1,1,0,1,1,1,0,1,1,1,0
1,1,0,1,1,1,1,1,1,1,1,0,1,1,0,0,0,0,0,1,1,1,1,1,1,1,1,0,1,1,0,0
1,0,0,1,0,1,1,1,0,1,1,0,0,1,0,1,0,1,0,1,1,1,1,1,0,1,1,0,1,1,0,0
0,0,1,0,0,0,1,1,0,1,1,1,1,1,1,0,0,1,0,1,1,1,1,0,0,1,0,1,1,1,1,0
1,1,1,0,0,0,1,1,0,1,1,0,1,1,1,1,0,0,1,0,1,1,1,0,0,1,1,1,1,1,1,0
1,0,0,0,1,1,1,1,0,1,1,0,0,0,0,0,1,1,0,0,1,1,1,1,0,1,1,0,1,1,0,0
1,1,1,0,1,0,1,1,0,1,1,0,1,0,1,1,0,1,0,0,0,1,1,0,0,1,0,1,1,1,1,0
1,0,1,1,0,1,1,1,1,1,1,0,0,1,0,1,1,0,0,0,1,1,1,1,0,1,1,0,1,1,0,0
0,0,1,1,1,0,1,1,1,1,1,0,0,0,0,1,1,1,1,1,0,1,1,1,1,1,0,1,1,1,0,0
0,0,0,0,1,0,1,1,1,1,1,1,0,0,0,1,1,1,0,0,0,1,1,0,0,1,1,0,1,1,1,0
0,0,0,0,0,0,1,1,1,1,1,0,0,1,0,0,0,1,1,1,1,1,1,1,0,1,0,0,1,1,1,0
0,1,1,1,0,0,1,1,0,1,1,1,0,0,1,1,0,0,1,0,0,1,1,0,1,1,0,1,1,1,0,0
0,0,0,1,1,1,1,1,0,1,1,1,0,1,0,1,1,1,1,0,0,1,1,0,1,1,0,1,1,1,0,0
0,0,1,0,0,1,1,1,0,1,1,1,1,1,1,0,1,0,1,1,1,1,1,0,0,1,0,1,1,1,1,0
1,0,0,0,1,0,1,1,0,1,1,0,1,1,1,1,0,1,0,1,0,1,1,0,1,1,0,0,1,1,0,0
0,1,1,1,0,0,1,1,1,1,1,1,1,0,0,1,1,1,1,0,0,1,1,0,1,1,0,1,1,1,0,0
1,0,0,1,1,1,1,1,0,1,1,1,0,0,0,1,0,1,0,0,1,1,1,1,0,1,1,0,1,1,1,0
0,1,0,0,0,1,1,1,1,1,1,0,1,1,0,1,0,0,1,1,0,1,1,0,1,1,0,1,1,1,1,0
1,1,1,1,1,0,1,1,1,1,1,0,0,1,0,1,1,0,1,0,0,1,1,1,1,1,0,1,1,1,1,0
0,1,1,1,0,0,1,1,0,1,1,0,0,0,1,0,1,0,1,0,0,1,1,0,1,1,0,0,1,1,1,0
0,0,0,1,1,1,1,1,0,1,1,0,0,0,0,1,1,1,1,0,0,1,1,1,1,1,1,1,1,1,0,0
1,1,0,0,0,1,1,1,0,1,1,0,1,1,0,0,0,0,1,0,0,1,1,0,0,1,0,1,1,1,1,0
1,1,0,0,0,0,1,1,0,1,1,1,0,1,1,1,1,1,1,1,1,1,1,1,0,1,1,1,1,1,1,0
1,0,0,1,0,1,1,1,0,1,1,0,1,0,1,1,0,0,0,0,0,1,1,0,0,1,1,1,1,1,0,0
1,1,1,0,0,1,1,1,0,1,1,1,1,0,0,1,0,1,1,0,1,1,1,0,0,1,1,1,1,1,0,1
0,0,1,1,0,0,1,1,1,1,1,1,1,1,0,0,1,0,0,1,0,1,1,1,1,1,0,1,1,1,1,0
1,1,1,1,0,1,1,1,1,1,1,0,1,1,0,1,0,1,0,0,0,1,1,1,1,1,1,0,1,1,1,0
1,0,1,0,0,1,1,1,0,1,1,1,0,0,0,0,0,1,1,0,0,1,1,0,1,1,0,1,1,1,1,0
0,0,1,0,0,1,1,1,1,1,1,1,0,0,1,0,1,0,1,0,1,1,1,1,0,1,0,1,1,1,0,0
0,0,0,1,1,1,1,1,1,1,1,1,1,0,0,1,1,0,1,1,1,1,1,0,0,1,0,0,1,1,1,1
0,0,1,1,0,0,1,1,0,1,1,0,0,1,1,0,1,1,1,1,1,1,1,1,1,1,0,1,1,1,1,0
0,1,1,0,1,0,1,1,0,1,1,1,1,0,1,1,0,0,1,0,0,1,1,0,0,1,0,0,1,1,0,0
1,1,0,0,1,0,1,1,0,1,1,0,0,1,1,0,1,1,1,0,0,1,1,0,0,1,0,0,1,1,0,0
0,1,0,0,0,0,1,1,0,1,1,0,0,1,1,1,1,1,0,0,0,1,1,1,0,1,1,0,1,1,0,1
1,0,0,0,1,0,1,1,0,1,1,1,0,0,0,1,1,1,1,0,1,1,1,1,0,1,1,1,1,1,1,1
0,0,0,1,1,1,1,1,0,1,1,1,0,1,0,1,0,1,1,0,0,1,1,0,0,1,0,0,1,1,1,0
0,1,1,0,0,0,1,1,0,1,1,0,1,0,0,1,1,0,1,0,0,1,1,0,1,1,1,1,1,1,0,1
1,0,0,1,0,0,1,1,0,1,1,0,0,0,1,0,0,0,0,0,0,1,1,1,1,1,0,0,1,1,0,1
1,1,0,0,1,1,1,1,1,1,1,1,1,0,1,0,1,0,1,1,0,1,1,0,0,1,1,1,1,1,1,0
1,0,1,1,1,0,1,1,0,1,1,1,1,1,0,1,1,0,0,1,1,1,1,0,1,1,1,1,1,1,0,0
0,0,0,1,0,0,1,1,0,1,1,0,1,1,1,0,1,1,0,1,0,1,1,1,0,1,0,1,1,1,0,1
1,1,1,1,1,1,1,1,0,1,1,1,1,1,1,1,0,1,1,0,1,1,1,1,0,1,1,1,1,1,0,0
1,0,0,1,0,1,1,1,1,1,1,0,1,1,0,0,0,1,0,1,0,1,1,1,1,1,0,0,1,1,0,1
0,1,0,1,0,0,1,1,1,1,1,1,1,0,0,1,1,1,0,1,0,1,1,0,0,1,1,1,1,1,1,0
0,1,0,0,1,0,1,1,1,1,1,0,0,0,1,0,1,1,1,1,0,1,1,1,0,1,1,1,1,1,0,0
1,1,1,1,0,1,1,1,0,1,1,0,0,0,1,1,1,0,1,0,0,1,1,0,1,1,0,0,1,1,0,1
0,1,0,0,0,0,1,1,1,1,1,1,0,1,1,0,1,1,0,1,1,1,1,0,0,0,0,1,1,1,0,1
0,1,1,0,1,0,1,1,1,1,1,0,0,1,1,1,0,1,1,0,0,1,1,1,0,1,0,1,1,1,1,1
0,1,0,1,0,1,1,1,0,1,1,1,1,0,1,1,0,0,1,0,1,1,1,1,0,1,0,0,1,1,0,1
0,1,1,0,0,1,1,1,1,1,1,1,1,0,0,0,0,0,1,1,1,1,1,1,0,0,0,1,1,1,1,1
1,1,1,0,1,0,1,1,1,1,1,0,0,0,1,1,1,1,1,0,1,1,1,1,0,0,1,1,1,1,0,1
0,1,1,1,1,1,1,1,0,1,1,0,1,1,1,1,1,0,0,1,1,1,1,0,1,1,1,1,1,1,0,0
0,1,1,0,1,0,1,1,1,1,1,0,0,1,1,0,0,0,1,1,0,1,1,1,0,1,1,1,1,1,1,1
0,1,0,1,0,0,1,1,1,1,1,1,0,0,1,1,1,1,0,1,1,1,1,0,0,0,0,1,1,1,0,0
1,0,1,0,1,0,1,1,1,1,1,0,0,0,1,0,0,0,1,0,1,1,1,0,1,0,1,0,1,1,1,0
1,1,1,1,1,0,1,1,1,1,1,0,1,1,1,0,0,0,1,0,0,1,1,1,0,1,1,0,1,1,1,0
0,1,1,0,0,0,1,1,1,1,1,1,1,1,1,0,1,1,0,0,1,1,1,0,1,1,1,1,1,1,0,0
1,0,1,1,0,0,1,1,1,1,1,0,1,0,1,0,1,1,1,0,0,1,1,1,0,0,1,0,1,1,1,0
0,0,1,1,1,1,1,1,1,1,1,0,1,1,0,1,1,0,1,1,0,1,1,1,1,1,1,1,1,1,0,0
0,1,0,1,1,1,1,1,1,1,1,0,0,1,0,1,0,1,0,1,1,1,1,0,1,0,0,1,1,1,0,0
1,1,1,0,1,0,1,1,1,1,1,0,1,1,0,0,0,1,0,1,0,1,1,0,0,0,1,0,1,1,1,0
0,0,1,1,1,1,1,1,1,1,1,1,0,0,0,1,1,0,1,0,1,1,1,1,0,1,0,1,1,1,1,0
0,1,1,0,1,1,1,1,1,1,1,0,0,1,1,1,0,1,0,1,0,1,1,1,1,1,0,1,1,1,0,1
0,0,1,1,0,1,1,1,1,1,1,1,1,0,0,0,0,0,0,1,0,1,1,0,0,1,0,1,1,1,0,0
1,0,1,1,0,1,1,1,1,1,1,1,0,1,0,1,0,0,0,0,0,1,1,1,0,0,1,1,1,1,1,0
1,0,0,0,0,1,1,1,1,1,1,1,0,1,1,0,0,0,1,1,0,1,1,0,1,1,0,1,1,1,1,1
0,0,0,0,1,0,1,1,1,1,1,0,1,0,0,0,1,1,1,1,0,1,1,1,0,0,1,0,1,1,0,0
0,0,0,1,0,1,1,1,1,1,1,0,0,0,1,1,1,1,1,0,1,1,1,0,0,1,0,1,1,1,1,1
1,0,1,1,1,0,1,1,1,1,1,1,1,0,1,0,1,1,1,1,0,1,1,1,0,0,1,0,1,1,1,0
0,1,0,1,1,1,1,1,1,1,1,0,1,0,0,1,0,0,0,0,0,0,1,0,1,0,0,0,1,1,0,1
1,0,1,0,1,0,1,1,1,1,1,1,0,1,0,1,0,0,1,0,0,0,1,0,0,1,1,1,1,1,1,1
0,0,0,1,0,1,1,1,1,1,1,1,0,0,0,1,0,1,1,1,1,0,1,0,1,0,0,0,1,1,0,0
1,1,1,0,0,1,1,1,1,1,1,0,0,1,0,1,1,1,1,0,1,0,1,0,1,0,1,0,1,1,0,0
1,0,0,0,1,1,1,1,1,1,1,1,1,0,0,1,1,1,1,0,0,1,1,1,0,1,0,0,1,1,1,1
0,1,0,1,1,0,1,1,1,1,1,0,1,0,0,0,1,1,0,1,0,0,1,0,1,1,1,0,1,1,0,0
1,0,0,0,0,1,1,1,1,1,1,1,1,0,1,0,1,0,1,0,0,1,1,1,0,1,0,1,1,1,0,1
0,0,0,0,0,0,1,1,1,1,1,1,0,0,0,0,0,0,0,1,1,1,1,1,0,1,0,0,1,1,0,0
1,0,1,0,1,0,1,1,1,1,1,1,1,0,0,1,1,0,1,1,1,0,1,0,0,1,1,1,1,1,0,1
1,1,0,1,0,0,1,1,1,1,1,1,1,1,1,1,0,1,0,0,0,0,1,0,0,0,0,1,1,1,1,1
0,1,0,1,0,0,1,1,1,1,1,1,1,0,1,0,0,1,1,0,0,1,1,1,0,0,0,0,1,1,0,0
0,0,1,0,0,0,1,1,1,1,1,1,0,1,1,0,0,1,1,0,0,0,1,0,1,1,0,1,1,1,0,0
1,1,0,0,0,0,1,1,1,1,1,0,1,0,0,1,0,1,0,0,0,0,1,0,0,1,0,0,1,1,0,1
0,0,1,0,1,1,1,1,1,1,1,0,1,0,1,0,0,1,1,1,1,0,1,0,0,0,0,1,1,1,1,1
1,1,0,1,1,0,1,1,1,1,1,1,0,1,0,1,0,1,1,1,0,0,1,0,1,1,0,1,1,1,0,0
1,1,0,0,0,0,1,1,1,1,1,1,1,0,0,1,1,0,1,1,1,0,1,0,0,0,0,1,1,1,1,1
1,0,0,0,1,1,1,1,1,1,1,1,1,1,0,0,0,1,1,1,1,1,1,1,0,0,1,1,1,1,1,0
1,0,1,0,1,0,1,1,1,1,1,1,1,1,1,1,1,1,0,0,1,0,1,0,1,1,1,1,1,1,1,0
1,0,0,0,1,0,1,1,1,1,1,1,1,0,0,1,1,0,1,1,1,1,1,1,0,1,1,1,1,1,0,1
1,0,1,1,1,0,1,1,1,1,1,0,1,1,1,1,1,0,0,0,1,1,1,1,0,1,0,1,1,1,1,1
0,0,1,0,1,1,1,1,1,1,1,1,1,0,1,0,1,0,0,1,0,0,1,0,0,0,1,0,1,1,1,0
0,1,1,1,0,0,1,1,1,1,1,1,1,1,1,1,1,0,0,1,0,1,1,1,0,0,1,1,1,1,0,0
1,1,0,0,0,0,1,1,1,1,1,1,1,1,1,1,0,1,1,1,0,0,1,0,1,1,1,0,1,1,0,1
0,0,0,1,1,1,1,1,1,1,1,1,1,0,1,1,1,0,0,1,0,1,1,1,1,0,0,0,1,1,0,1
1,0,1,1,1,1,1,1,1,1,1,1,0,1,1,1,0,0,0,1,0,0,1,0,0,0,1,1,1,1,1,1
0,1,0,0,1,1,1,1,1,1,1,1,0,1,0,1,0,1,0,1,1,1,1,1,0,0,0,1,1,1,1,1
1,1,0,1,0,0,1,1,1,1,1,0,1,1,1,0,1,1,1,1,1,1,1,1,1,1,0,0,1,1,1,1
1,1,0,0,0,0,1,1,1,1,1,1,0,0,0,1,1,0,1,1,0,1,1,1,0,1,1,0,1,1,0,1
0,1,0,0,1,1,1,1,1,1,1,1,1,0,0,1,0,1,1,1,0,0,1,0,0,0,0,1,1,1,0,0
0,0,0,1,1,1,1,1,1,1,1,0,1,0,1,0,1,0,1,1,0,0,1,0,1,1,1,0,1,1,0,1
1,1,0,0,1,0,1,1,1,1,1,0,1,0,0,1,0,1,0,1,1,1,1,1,0,1,1,0,1,1,1,1
0,1,1,0,1,0,1,1,1,1,1,0,0,0,0,0,0,0,1,1,0,1,1,1,0,0,1,1,1,1,0,1
1,0,0,0,0,0,1,1,1,1,1,0,1,1,1,0,0,1,0,0,1,1,1,1,1,0,1,0,1,1,0,1
0,1,1,0,1,0,1,1,1,1,1,0,0,1,0,1,0,1,1,0,1,1,1,1,0,0,1,1,1,1,1,1
0,1,1,1,1,1,1,1,1,1,1,0,0,1,0,1,1,0,1,1,0,0,1,0,0,0,0,1,1,1,0,0
1,0,0,0,0,1,1,1,1,1,1,1,0,0,0,1,1,0,1,0,1,1,1,1,0,0,0,1,1,1,0,0
0,0,1,0,0,1,1,1,1,1,1,0,0,0,0,1,1,1,0,0,0,0,1,0,1,1,0,1,1,1,1,0
0,1,1,0,0,0,1,1,1,1,1,1,0,0,1,1,1,1,0,1,1,1,1,1,0,1,1,1,1,1,0,1
0,1,0,1,0,1,1,1,1,1,1,0,1,0,0,0,1,0,1,1,0,0,1,0,0,0,1,1,1,1,0,0
1,1,1,0,0,0,1,1,1,1,1,1,1,0,0,0,1,0,1,1,0,1,1,1,0,1,0,0,1,1,1,0
0,0,0,0,1,1,1,1,1,1,1,1,1,1,1,0,1,1,1,0,1,1,1,1,1,1,1,1,1,1,1,0
1,0,1,1,0,1,1,1,1,1,1,0,0,1,1,0,0,0,0,1,1,0,1,0,1,1,0,0,1,1,1,0
0,0,1,0,1,0,1,1,1,1,1,0,1,0,0,1,1,0,1,0,0,1,1,1,0,0,1,1,1,1,1,0
0,1,1,1,1,0,1,1,1,1,1,1,1,1,0,0,1,0,1,1,1,0,1,0,0,0,1,1,1,1,0,0
1,0,0,0,1,0,1,1,1,1,1,0,0,1,0,1,0,1,0,0,0,0,1,0,0,0,1,0,1,1,0,1
1,1,1,0,0,0,1,1,1,1,1,1,0,0,0,1,0,1,1,1,1,1,1,1,0,0,1,0,1,1,0,1
0,0,0,1,1,1,1,1,1,1,1,1,1,0,0,0,0,1,1,1,0,0,1,0,1,1,0,0,1,1,0,0
1,0,1,0,0,1,1,1,1,1,1,0,0,0,1,1,0,1,1,0,1,0,1,0,0,1,1,1,1,1,0,0
1,0,1,0,1,1,1,1,1,1,1,1,1,1,0,0,1,1,1,0,1,0,1,0,0,0,0,1,1,1,0,0
1,0,0,0,0,1,1,1,1,1,1,1,0,1,0,1,1,1,0,1,1,1,1,1,1,1,0,1,1,1,0,1
0,0,0,0,1,1,1,1,1,1,1,1,0,0,1,1,0,1,1,0,1,1,1,1,1,0,1,0,1,1,0,0
1,0,0,0,0,1,1,1,1,1,1,1,0,0,0,1,0,1,1,1,1,0,1,0,1,1,1,1,1,1,0,1
1,0,1,0,1,1,1,1,1,1,1,1,1,1,0,0,1,0,0,0,0,1,1,1,1,0,0,0,1,1,0,1
1,0,1,1,1,0,1,1,1,1,1,1,0,1,1,0,1,1,1,1,0,0,1,0,1,1,1,1,1,1,0,0
0,1,0,1,0,0,1,1,1,1,1,0,0,0,1,1,1,0,1,1,0,0,1,0,0,0,0,0,1,1,0,1
1,0,1,0,1,1,1,1,1,1,1,1,1,0,1,1,1,1,0,0,0,0,1,0,1,0,1,0,1,1,1,0
0,1,0,0,1,0,1,1,1,1,1,1,1,1,0,0,0,1,1,0,0,1,1,1,0,1,0,0,1,1,0,1
0,0,1,0,0,0,1,1,1,1,1,0,1,0,1,0,0,0,1,0,0,1,1,1,1,0,0,1,1,1,0,1
1,1,1,0,0,0,1,1,1,1,1,1,1,0,0,1,1,1,1,0,0,1,1,1,0,1,0,1,1,1,0,0
0,0,1,0,1,1,1,1,1,1,1,1,0,1,0,1,0,1,1,1,0,1,1,1,0,1,0,0,1,1,0,0
0,1,0,0,1,0,1,1,1,1,1,0,0,1,1,1,1,1,0,1,1,0,1,0,1,0,1,0,1,1,0,0
1,0,1,0,1,1,1,1,1,1,1,0,0,1,0,0,0,0,1,0,1,1,1,1,0,0,0,0,1,1,1,1
1,1,0,0,0,1,1,1,1,1,1,0,1,1,1,1,1,0,0,0,1,1,1,1,1,0,0,0,1,1,1,1
1,0,1,1,1,0,1,1,1,1,1,0,1,1,0,0,0,1,1,1,0,0,1,0,1,0,1,1,1,1,0,1
0,1,1,1,0,0,1,1,1,1,1,0,1,1,1,1,0,1,1,0,0,1,1,1,1,0,0,0,1,1,0,1
1,1,1,1,1,0,1,1,1,1,1,0,1,1,0,1,0,1,1,0,0,0,1,0,1,1,0,0,1,1,0,1
1,1,0,0,1,0,1,1,1,1,1,1,1,1,1,1,1,1,0,0,1,1,1,1,0,0,0,1,1,1,1,1
1,1,1,1,0,0,1,1,1,1,1,0,1,0,1,0,1,0,0,1,0,1,1,1,0,0,1,0,1,1,1,0
1,0,0,1,0,0,1,1,1,1,1,1,0,1,0,1,1,0,0,0,0,1,1,1,0,1,0,0,1,1,0,0
1,0,1,0,1,0,1,1,1,1,1,1,0,1,0,0,0,0,1,0,0,1,1,1,1,0,1,1,1,1,1,0
0,1,0,1,1,1,1,1,1,1,1,1,0,1,0,0,1,1,0,0,0,1,1,1,1,0,1,0,1,1,1,1
1,0,1,1,0,0,1,1,1,1,1,1,0,1,1,1,0,1,1,0,0,0,1,0,1,1,0,1,1,1,1,0
1,0,1,0,1,1,1,1,1,1,1,0,1,0,1,0,1,0,0,1,1,1,1,1,1,0,0,0,1,1,1,0
1,0,1,0,0,0,1,1,1,1,1,0,0,1,0,0,1,0,0,0,0,1,1,1,1,1,0,1,1,1,0,0
1,0,0,0,0,0,1,1,1,1,1,1,1,0,0,0,1,1,0,0,1,0,1,0,0,0,1,1,1,1,1,1
0,0,1,1,1,1,1,1,1,1,1,1,0,0,0,1,1,1,0,0,0,0,1,0,1,0,0,0,1,1,0,1
1,1,1,1,1,0,1,1,1,1,1,1,0,0,1,0,0,0,0,1,1,1,1,1,0,1,0,0,1,1,0,1
0,0,1,0,1,0,1,1,1,1,1,1,0,0,0,1,0,0,0,1,0,0,1,0,1,0,0,1,1,1,0,1
1,0,0,1,0,1,1,1,1,1,1,1,1,1,1,1,0,1,1,1,1,1,1,1,0,0,0,1,1,1,0,1
1,1,1,0,1,1,1,1,1,1,1,1,1,1,1,0,0,0,0,0,1,0,1,0,1,1,1,0,1,1,0,1
0,1,1,1,1,0,1,1,1,1,1,0,1,1,0,0,0,0,1,1,0,1,1,1,1,0,0,1,1,1,1,1
1,0,1,1,1,1,1,1,1,1,1,0,0,1,0,1,0,1,0,0,1,1,1,1,1,0,0,1,1,1,0,1
1,1,0,0,1,0,1,1,1,1,1,1,0,0,1,1,0,0,1,0,1,0,1,0,0,0,1,0,1,1,1,0
1,0,0,1,1,1,1,1,1,1,1,0,1,0,1,1,0,1,1,0,0,0,1,0,0,0,0,0,1,1,0,1
0,1,1,0,1,0,1,1,1,1,1,1,0,1,0,0,0,1,0,1,1,0,1,0,1,1,0,0,1,1,0,0
1,1,1,1,0,1,1,1,1,1,1,1,0,1,0,0,1,0,1,0,1,0,1,0,0,1,0,1,1,1,1,1
1,1,0,0,1,1,1,1,1,1,1,1,0,0,0,1,0,0,1,1,1,0,1,0,1,0,0,1,1,1,0,1
0,0,0,1,0,1,1,1,1,1,1,1,0,0,1,0,0,1,0,0,1,0,1,0,1,0,0,1,1,1,1,0
1,0,1,0,1,0,1,1,1,1,1,1,1,1,0,0,1,0,0,1,0,1,1,1,1,1,1,0,1,1,0,1
0,1,0,1,1,1,1,1,1,1,1,0,1,1,1,0,1,1,1,0,0,1,1,1,0,0,1,0,1,1,0,0
0,1,1,0,1,0,1,1,1,1,1,1,1,0,0,1,1,0,0,0,0,1,1,1,1,1,1,1,1,1,1,0
1,1,1,1,0,0,1,1,1,1,1,0,0,0,0,1,0,1,1,1,0,0,1,0,1,0,0,0,1,1,0,0
0,1,0,1,1,1,1,1,1,1,1,0,1,0,0,1,1,0,0,1,1,1,1,1,1,0,1,1,1,1,1,1
1,1,1,0,1,1,1,1,1,1,1,1,0,1,1,0,0,1,1,0,1,1,1,1,0,1,1,0,1,1,1,0
0,0,1,0,0,0,1,1,1,1,1,0,0,0,1,0,1,0,1,0,0,1,1,1,0,0,0,1,1,1,1,0
0,0,0,1,0,0,1,1,1,1,1,0,0,0,0,0,0,1,0,1,1,1,1,1,0,0,1,1,1,1,0,0
0,0,1,0,0,0,1,1,1,1,1,0,1,1,0,0,1,1,1,0,0,1,1,1,0,0,1,0,1,1,1,0
1,0,0,1,0,0,1,1,1,1,1,0,0,1,0,0,1,0,1,1,1,1,1,1,1,1,1,1,1,1,0,1
0,0,0,0,0,0,1,1,1,1,1,1,1,1,0,1,1,1,0,0,1,0,1,0,0,1,1,0,1,1,0,1
1,1,1,0,0,0,1,1,1,0,0,0,0,0,1,0,0,0,1,0,0,0,1,0,0,1,0,0,1,1,1,1
1,1,1,0,0,1,1,1,1,0,0,1,0,1,1,1,0,0,1,1,1,0,1,0,1,0,1,0,1,1,1,1
0,0,1,1,0,0,1,1,1,0,0,1,0,1,0,1,0,1,1,0,1,0,1,0,1,1,0,1,1,1,1,0
0,1,0,0,1,1,1,1,1,0,0,0,1,0,1,1,1,0,1,1,1,0,1,0,0,1,0,0,1,1,1,1
0,1,0,0,1,1,1,1,1,0,0,1,0,1,0,1,0,0,0,0,1,0,1,0,1,0,0,0,1,1,1,0
0,0,1,0,0,1,1,1,1,0,0,1,1,1,1,1,0,0,1,0,0,1,1,1,0,0,1,0,1,1,0,1
0,0,0,1,0,1,1,1,1,0,0,0,1,0,1,0,1,1,1,0,0,0,1,0,1,1,0,0,1,1,1,0
0,1,1,1,1,0,1,1,1,0,0,1,1,0,0,1,0,1,0,1,0,0,1,0,1,0,1,1,1,1,1,0
0,0,0,1,1,0,1,1,1,0,0,1,0,0,1,0,0,0,0,1,1,0,1,0,1,0,1,1,1,1,1,0
0,1,1,0,0,0,1,1,1,0,0,0,0,0,1,1,0,0,0,0,0,1,1,1,1,0,1,1,1,1,1,1
1,0,1,0,1,0,1,1,1,0,0,1,0,1,1,0,0,0,0,0,0,1,1,1,1,1,1,1,1,1,0,0
0,1,0,1,0,0,1,1,1,0,0,1,0,1,1,0,0,1,1,0,1,0,1,0,1,1,1,0,1,1,1,1
0,0,1,1,1,1,1,1,1,0,0,0,0,0,0,0,1,1,0,1,0,0,1,0,1,1,0,1,1,1,0,0
0,0,1,1,0,0,1,1,1,0,0,1,1,0,0,1,0,1,0,0,1,0,1,0,1,1,1,1,1,1,1,1
1,0,0,1,1,0,1,1,1,0,0,1,0,1,0,1,1,0,1,1,0,1,1,1,0,0,0,0,1,1,1,1
1,1,0,0,1,0,1,1,1,0,0,1,0,0,1,1,1,0,0,1,0,0,1,0,1,1,0,1,1,1,0,1
1,0,1,0,0,0,1,1,1,0,0,1,0,1,1,0,0,1,1,0,1,1,1,1,0,0,0,0,1,1,1,1
1,0,0,1,0,1,1,1,1,1,1,0,0,0,1,1,0,0,1,0,0,1,1,1,1,1,1,1,1,1,0,0
0,1,1,0,1,1,1,1,1,1,1,1,0,0,1,1,1,0,0,0,0,0,1,0,0,1,1,0,1,1,0,1
0,0,0,1,0,0,1,1,1,1,1,1,1,0,0,0,1,0,0,1,0,1,1,1,0,1,1,0,1,1,1,0
0,0,0,0,0,0,1,1,1,1,1,0,0,0,1,0,0,0,0,0,0,1,1,1,0,0,0,0,1,1,1,1
1,0,1,1,0,0,1,1,1,1,1,1,1,1,0,1,1,0,0,1,1,1,1,1,1,0,0,1,1,1,1,1
0,0,1,0,0,0,1,1,1,1,1,0,1,0,1,1,1,1,1,0,1,1,1,1,1,0,0,1,1,1,1,0
0,0,0,1,1,1,1,1,1,1,1,1,0,1,1,0,0,0,1,0,0,1,1,1,1,0,0,0,1,1,1,0
0,1,0,1,0,1,1,1,1,1,1,1,1,0,0,0,0,1,0,0,1,1,1,0,1,0,0,0,1,1,1,1
0,0,0,0,1,0,1,1,1,1,1,0,1,1,0,1,0,1,1,1,1,1,1,0,1,0,0,0,1,1,0,1
1,1,1,0,1,1,1,1,1,1,1,0,1,0,1,0,0,1,1,1,0,1,1,0,1,1,0,1,1,1,0,1
0,0,0,1,0,1,1,1,1,1,1,0,0,1,0,0,1,0,0,0,0,1,1,0,0,1,0,0,1,1,1,0
1,1,0,1,1,0,1,1,1,1,1,0,0,1,0,1,1,0,1,0,0,1,1,0,1,0,1,1,1,1,0,0
1,1,1,1,1,0,1,1,1,1,1,1,1,0,1,0,1,0,1,0,1,1,1,1,0,1,0,1,1,1,1,0
0,1,0,1,0,1,1,1,1,1,1,1,0,0,1,1,0,0,0,1,0,1,1,0,0,1,1,1,1,1,1,0
1,1,1,1,1,0,1,1,1,1,1,1,1,1,0,0,1,1,1,0,1,1,1,1,1,0,0,0,1,1,1,1
1,0,0,0,1,1,1,1,1,1,1,1,0,1,0,0,0,1,1,0,0,1,1,0,1,1,1,1,1,1,1,1
1,1,1,1,1,0,1,1,1,1,1,0,0,0,0,1,0,1,1,1,1,1,1,1,1,0,1,1,1,1,1,1
0,0,1,0,0,0,1,1,1,1,1,0,0,1,1,1,0,0,0,1,1,1,1,0,1,1,1,0,1,1,0,1
1,0,0,1,1,0,1,1,1,1,1,1,1,1,0,0,0,1,1,0,1,1,1,0,0,1,1,1,1,1,0,1
1,1,0,0,1,1,1,1,1,1,1,0,1,1,0,1,1,1,0,0,0,1,1,0,1,1,1,0,1,1,0,1
1,1,0,1,0,1,1,1,1,1,1,1,1,1,1,1,1,0,1,0,0,1,1,1,0,1,1,1,1,1,1,1
1,0,1,0,0,1,1,1,1,1,1,1,1,1,0,1,1,0,0,1,1,1,1,1,0,0,0,0,1,1,1,1
0,1,0,0,1,1,1,1,1,1,1,0,1,1,0,0,1,1,1,1,1,1,1,0,1,0,1,1,1,1,0,1
0,1,1,1,1,1,1,1,1,1,1,1,0,0,1,1,0,0,1,0,0,1,1,1,0,0,0,0,1,1,0,1
0,0,0,1,1,1,1,1,1,1,1,1,0,1,1,1,0,1,0,1,1,1,1,0,0,0,0,0,1,1,0,0
1,1,1,1,1,1,1,1,1,1,1,1,0,1,0,0,0,1,0,0,1,1,1,1,1,1,0,1,1,1,0,1
1,0,1,0,0,0,1,1,1,1,1,0,1,1,0,1,0,0,0,1,0,1,1,1,0,1,1,0,1,1,1,1
0,1,1,1,1,1,1,1,1,1,1,1,0,1,1,1,1,1,0,1,0,1,1,1,1,1,1,0,1,1,0,1
0,1,0,0,1,0,1,1,1,1,0,1,1,1,1,1,1,1,1,0,0,1,1,0,1,1,0,0,1,1,1,0
1,1,0,0,1,1,1,1,1,1,0,0,1,0,0,0,1,1,1,1,1,1,1,1,1,0,0,0,1,1,1,0
1,0,0,1,1,1,1,1,1,1,0,1,0,1,1,1,0,1,0,0,1,1,1,1,1,0,0,1,1,1,0,1
0,1,0,0,1,1,1,1,1,1,0,1,0,0,1,1,1,1,1,0,0,1,1,1,1,0,1,1,1,1,1,1
0,1,1,0,0,1,1,1,1,1,0,1,1,1,0,1,0,1,0,1,0,1,1,1,0,0,1,0,1,1,1,0
1,1,0,1,1,1,1,1,1,1,0,1,1,0,1,0,0,0,1,1,0,1,1,1,1,1,1,1,1,1,0,0
0,1,0,0,1,1,1,1,1,1,0,0,0,0,1,0,0,0,0,1,1,1,1,0,0,0,0,0,1,1,0,1
1,1,0,1,0,1,1,1,1,1,0,0,0,0,1,0,0,0,0,1,0,1,1,0,0,1,0,0,1,1,1,0
1,1,0,0,0,1,1,1,1,1,0,0,1,0,1,0,1,0,1,0,0,1,1,1,1,0,0,1,1,1,0,0
1,0,0,0,0,1,1,1,1,1,0,0,0,1,0,1,1,0,1,0,0,1,1,0,0,1,1,0,1,1,0,0
1,0,1,1,0,0,1,1,1,1,0,1,0,1,0,0,1,0,0,0,1,1,1,0,0,1,0,1,1,1,0,0
1,1,1,1,0,0,1,1,1,1,0,1,0,1,1,0,0,0,1,0,1,1,1,1,1,1,0,1,1,1,0,1
1,0,1,1,1,0,1,1,1,1,0,0,0,0,0,0,0,0,0,1,1,1,1,0,1,1,1,1,1,1,1,1
0,0,1,0,1,1,1,1,1,1,0,1,1,1,1,0,1,1,0,0,0,1,1,1,1,1,0,1,1,1,0,0
1,0,0,0,1,1,1,1,1,1,0,0,0,0,1,0,1,1,1,1,1,1,1,0,0,1,0,1,1,1,1,0
1,1,1,0,0,0,1,1,1,1,0,1,1,1,0,0,0,0,0,0,0,1,1,0,1,0,0,0,1,1,0,1
0,0,1,1,1,1,1,1,1,1,0,1,0,1,1,1,0,0,1,0,1,1,1,1,0,0,0,1,1,1,0,1
1,1,0,0,1,0,1,1,1,1,1,0,1,0,1,1,0,0,0,0,0,1,1,0,1,0,1,1,1,1,0,1
0,0,0,1,0,0,1,1,1,1,1,1,0,1,0,1,1,1,1,1,1,1,1,1,0,0,1,0,1,1,1,0
1,1,0,1,1,1,1,1,1,1,1,1,0,1,1,1,1,1,1,0,1,1,1,1,1,0,1,1,1,1,1,0
0,1,0,0,1,0,1,1,1,1,1,0,0,1,1,0,0,1,0,1,0,1,1,0,0,0,1,0,1,1,0,1
0,0,1,0,0,1,1,1,1,1,1,0,1,0,0,1,1,0,1,0,1,1,1,0,0,1,0,1,1,1,1,0
1,0,0,0,0,1,1,1,1,1,1,1,1,1,1,0,1,1,1,1,0,1,1,1,0,0,1,0,1,1,0,1
0,0,1,0,0,0,1,1,1,1,1,0,0,1,1,0,1,1,0,1,0,1,1,1,1,0,0,0,1,1,1,0
0,1,0,1,1,1,1,1,0,1,1,1,1,1,1,0,1,1,1,0,1,1,1,0,1,0,1,1,1,1,1,1
0,0,1,1,0,0,1,1,1,1,1,0,1,0,1,1,0,1,0,1,1,1,1,0,1,1,1,0,1,1,1,0
0,1,0,1,0,0,1,1,0,1,1,0,0,1,0,0,1,0,1,0,0,1,1,1,0,0,0,1,1,1,1,0
0,1,0,0,1,0,1,1,1,1,1,1,1,0,0,0,1,0,0,0,1,1,1,1,1,1,0,0,1,1,0,1
1,0,0,0,1,0,1,1,0,1,1,0,1,1,0,1,1,0,0,0,1,1,1,1,1,1,1,1,1,1,1,0
0,0,0,0,1,0,1,1,1,1,1,0,1,1,0,1,1,1,0,0,1,1,1,0,1,0,0,1,1,1,1,1
1,1,0,1,0,1,1,1,1,1,1,0,0,1,1,0,1,0,1,1,0,1,1,0,1,1,1,1,1,1,1,1
0,1,0,0,1,1,1,1,0,1,1,1,0,0,1,1,0,1,1,0,1,1,1,0,0,0,1,0,1,1,1,0
0,1,1,0,1,0,1,1,0,1,1,0,1,1,1,0,1,0,1,1,1,1,1,0,0,0,0,0,1,1,1,0
1,1,1,0,1,0,1,1,0,1,1,1,1,0,1,1,0,1,0,0,0,1,1,1,0,1,1,0,1,1,1,0
1,0,0,0,1,0,1,1,1,1,1,0,1,1,1,0,0,1,1,0,0,1,1,1,0,0,1,1,1,1,1,0
0,1,0,0,0,1,1,1,1,1,1,1,0,1,1,0,1,0,0,1,0,1,1,1,0,0,0,1,1,1,1,1
1,1,1,0,0,1,1,1,0,1,1,1,1,0,0,0,0,1,1,0,0,1,1,0,1,1,0,0,1,1,1,1
1,0,0,0,0,0,1,1,0,1,1,0,1,1,1,1,1,0,1,0,1,1,1,0,1,1,1,0,1,1,0,1
0,0,1,1,0,1,1,1,1,1,1,1,0,0,1,0,0,1,0,0,1,1,1,0,0,1,1,0,1,1,0,0
1,1,1,1,0,0,1,1,1,1,1,0,0,0,0,1,1,0,0,1,1,1,1,1,0,1,1,0,1,1,0,0
0,1,0,1,1,0,1,1,1,1,1,0,1,0,0,0,1,1,1,0,1,1,1,0,0,0,0,1,1,1,0,1
0,1,1,1,0,1,1,1,1,1,1,1,1,0,0,1,0,1,0,0,1,1,1,0,1,1,1,1,1,1,0,1
0,0,1,0,0,0,1,1,1,1,1,0,0,0,1,0,1,1,0,0,1,1,1,1,1,1,1,1,1,1,1,1
1,1,1,1,1,0,1,1,1,1,1,0,0,0,1,0,1,1,1,0,0,1,1,1,0,0,0,0,1,1,1,1
0,0,1,0,1,0,1,1,1,1,1,1,1,0,1,0,0,0,0,0,1,1,1,0,1,1,1,0,1,1,1,1
1,0,0,1,1,1,1,1,1,1,1,0,1,0,1,0,1,1,0,1,1,1,1,1,1,0,0,0,1,1,0,0
1,1,0,0,0,0,1,1,0,1,1,1,1,1,1,0,0,0,0,1,1,1,1,0,1,0,0,1,1,1,0,1
1,0,1,0,1,0,1,1,0,1,1,0,0,0,1,0,0,1,1,1,1,1,1,0,0,1,1,0,1,1,1,1
0,0,0,1,1,0,1,1,0,1,1,1,1,0,1,0,0,0,0,0,1,1,1,1,0,1,1,0,1,1,1,0
0,1,1,1,1,1,1,1,1,1,1,1,1,0,0,0,1,1,1,1,1,1,1,0,0,0,0,1,1,1,1,1
0,1,1,0,0,0,1,1,1,1,1,0,1,0,0,0,0,1,0,0,1,1,1,1,0,0,0,1,1,1,1,1
0,1,0,0,0,1,1,1,1,1,1,1,0,1,1,0,1,0,1,0,1,1,1,1,0,0,0,1,1,1,0,0
0,0,0,1,1,1,1,1,0,1,1,0,0,1,1,0,0,0,0,1,1,1,1,1,1,1,1,0,1,1,0,1
1,0,0,1,1,0,1,1,0,1,1,1,0,1,0,0,0,1,0,0,1,1,1,1,1,1,0,1,1,1,1,1
0,0,1,1,1,0,1,1,0,1,1,0,1,0,1,0,0,1,1,1,0,1,1,0,0,0,0,1,1,1,0,0
0,0,0,0,1,1,1,1,1,1,1,1,0,0,0,0,0,0,1,0,0,1,1,0,1,0,1,0,1,1,1,1
0,0,1,1,0,1,1,1,0,1,1,1,0,1,0,1,1,0,1,1,1,1,1,1,0,0,1,1,1,1,0,0
0,0,0,0,0,1,1,1,0,1,1,1,0,1,1,1,1,0,0,1,1,1,1,0,1,0,1,1,1,1,0,1
1,0,0,0,0,0,1,1,1,1,0,0,0,0,1,1,0,0,0,0,0,1,1,1,1,0,1,0,1,1,0,1
0,0,0,1,1,0,1,1,0,1,0,1,1,0,1,1,1,1,1,1,0,1,1,0,1,1,0,1,1,1,0,0
0,1,1,0,1,0,1,1,1,1,0,1,0,1,0,0,1,0,0,0,0,1,1,0,1,0,0,1,1,1,0,1
0,0,0,1,0,0,1,1,0,1,0,1,1,1,1,1,1,0,0,1,1,1,1,1,1,0,0,1,1,1,1,1
1,0,1,0,0,1,1,1,0,1,0,0,0,1,1,0,1,0,0,0,0,1,1,1,1,1,0,1,1,1,0,1
1,0,0,0,1,1,1,1,0,1,0,1,1,1,0,1,1,0,0,1,1,1,1,0,0,0,0,1,1,1,1,1
1,1,0,0,0,0,1,1,1,1,0,0,1,1,1,0,1,0,1,1,1,1,1,1,1,1,1,1,1,1,0,0
1,0,1,0,1,0,1,1,0,1,0,0,1,1,0,0,1,0,0,0,1,1,1,1,1,1,0,1,1,1,1,1
0,0,0,1,1,1,1,1,0,1,0,0,0,1,1,0,1,0,1,0,0,1,1,0,1,0,0,0,1,1,1,0
1,1,0,0,1,0,1,1,0,1,0,1,0,1,1,1,1,0,0,1,1,1,1,1,0,0,0,0,1,1,1,0
1,1,0,0,1,1,1,1,1,1,0,1,1,1,0,0,1,1,0,1,0,1,1,1,0,0,1,0,1,1,0,1
0,1,1,0,1,1,1,1,0,1,0,1,0,0,0,0,1,0,0,1,1,1,1,1,1,0,1,1,1,1,1,0
0,1,0,1,1,1,1,1,0,1,0,0,1,0,1,1,0,0,1,0,1,1,1,1,1,0,1,0,1,1,0,1
1,1,0,0,0,0,1,1,1,1,1,0,1,0,0,0,0,0,0,0,1,1,1,0,0,0,1,1,1,1,1,1
1,0,0,0,1,0,1,1,1,1,1,1,1,0,1,1,0,1,0,0,0,1,1,0,1,0,0,1,1,1,0,0
1,1,1,1,0,0,1,1,1,1,1,0,0,1,0,1,1,1,1,0,1,1,1,0,0,1,1,0,1,1,1,1
0,1,0,0,1,0,1,1,1,1,1,1,0,0,1,0,0,0,0,0,0,1,1,0,1,1,0,0,1,1,1,0
1,1,0,1,1,0,1,1,0,1,1,0,1,0,0,1,0,0,0,0,1,1,1,1,0,1,0,1,1,1,0,0
1,0,0,0,0,1,1,1,0,1,1,0,0,1,0,1,0,1,0,1,1,1,1,0,0,1,1,0,1,1,1,1
0,0,0,0,1,1,1,1,1,1,1,1,0,1,1,0,1,1,1,0,0,1,1,0,1,0,1,0,1,1,1,0
0,0,1,1,1,0,1,1,0,1,1,0,1,1,1,0,1,1,0,0,0,1,1,1,1,0,0,0,1,1,0,1
0,1,1,0,0,1,1,1,1,1,1,1,1,0,0,0,1,0,1,0,0,1,1,1,0,0,0,1,1,1,0,1
1,1,0,0,0,1,1,1,0,1,1,1,0,1,0,0,1,1,1,0,0,1,1,0,0,0,1,1,1,1,1,0
1,1,1,0,0,0,1,1,0,1,1,0,1,0,0,1,1,0,1,0,0,1,1,0,0,0,0,1,1,1,0,0
1,1,1,1,0,1,1,1,0,1,1,0,0,0,0,0,0,1,1,0,1,1,1,0,1,0,0,1,1,1,0,1
1,0,1,1,1,0,1,1,0,1,1,0,0,1,0,0,0,0,0,0,0,1,1,1,0,1,0,0,1,1,0,1
1,1,1,0,1,0,1,1,0,1,1,1,1,0,0,1,0,1,1,0,0,1,1,1,0,0,0,1,1,1,0,0
1,0,0,0,0,1,1,1,1,1,1,1,1,1,0,1,1,1,0,0,1,1,1,0,1,1,0,1,1,1,0,1
1,1,0,1,1,1,1,1,0,1,1,0,1,0,0,1,0,1,0,1,1,1,1,0,0,0,1,1,1,1,1,1
1,0,1,0,1,0,1,1,1,1,1,0,1,0,0,0,0,1,1,0,0,1,1,0,1,1,1,1,1,1,0,1
1,1,0,0,1,1,1,1,1,1,1,0,0,1,0,1,1,0,0,0,1,1,1,1,1,0,1,1,1,1,0,1
0,0,1,1,0,1,1,1,1,1,1,1,1,0,1,1,1,0,1,1,1,1,1,0,0,1,1,0,1,1,1,0
0,1,1,0,0,0,1,1,1,1,1,0,1,1,0,0,1,1,1,0,1,1,1,1,1,0,0,1,1,1,1,1
1,0,0,1,0,0,1,1,0,1,1,1,1,1,1,0,0,0,1,1,1,1,1,0,1,0,0,1,1,1,1,1
1,1,1,1,1,1,1,1,0,1,1,0,1,1,0,0,0,0,1,0,0,1,1,1,0,0,1,0,1,1,0,1
0,0,1,1,0,1,1,1,0,1,1,1,1,1,1,0,0,0,1,0,0,1,1,1,0,0,1,1,1,1,1,1
1,0,1,1,0,1,1,1,0,1,1,1,1,1,1,0,1,1,1,1,0,1,1,1,1,0,1,0,1,1,0,1
0,0,0,1,0,0,1,1,0,1,1,0,1,1,0,0,1,1,0,1,1,1,1,1,0,1,1,1,1,1,0,1
1,0,1,1,1,1,1,1,0,1,1,1,1,0,1,0,0,0,1,1,1,1,1,1,1,1,0,1,1,1,1,0
0,0,1,0,0,0,1,1,1,1,1,1,1,1,1,0,1,0,0,1,0,1,1,1,1,0,0,0,1,1,1,1
1,1,1,1,0,0,1,1,1,1,1,0,1,0,0,0,0,0,1,0,1,1,1,0,0,0,0,1,1,1,0,0
1,0,0,0,0,0,1,1,1,1,1,1,1,1,1,0,0,0,0,0,0,1,1,1,0,1,0,0,1,1,0,1
0,1,1,1,1,1,1,1,0,1,1,1,0,1,0,1,1,1,0,0,0,1,1,1,0,0,0,1,1,1,0,0
0,0,0,1,1,0,1,1,0,1,1,0,1,1,0,0,0,1,1,1,0,1,1,0,0,1,0,1,1,1,1,0
0,1,1,0,0,0,1,1,1,1,1,0,1,1,0,1,1,0,1,1,0,1,1,1,1,1,1,1,1,1,0,1
1,1,1,1,0,0,1,1,1,1,1,0,1,1,1,0,1,0,1,1,0,1,1,1,1,0,1,1,1,1,0,0
0,1,1,0,1,0,1,1,1,1,1,1,1,0,0,1,0,1,0,0,1,1,1,0,0,0,0,0,1,1,1,1
1,1,0,1,1,1,1,1,1,1,1,0,1,1,1,1,0,0,0,0,1,1,1,1,1,1,1,0,1,1,0,1
1,0,1,1,1,1,1,1,0,1,1,1,1,1,1,0,0,0,0,0,0,1,1,0,1,1,0,0,1,1,0,1
0,0,1,1,0,1,1,1,1,1,1,0,1,0,0,1,0,0,1,1,1,1,1,1,1,0,1,1,1,1,1,0
0,1,0,1,1,1,1,1,0,1,1,1,1,1,0,1,1,0,0,0,0,1,1,0,1,0,0,1,1,1,0,1
0,0,1,0,0,1,1,1,0,1,1,0,0,1,0,1,0,0,1,0,1,1,1,1,1,1,1,1,1,1,1,0
0,0,0,0,0,1,1,1,1,1,1,0,0,1,0,0,0,0,1,1,0,1,1,1,0,1,1,1,1,1,1,0
1,0,0,0,1,0,1,1,0,1,1,0,1,0,1,0,0,1,1,0,1,1,1,0,0,0,1,1,1,1,0,0
1,0,0,0,0,0,1,1,1,1,1,1,0,1,0,0,0,1,1,0,1,1,1,1,0,0,1,0,1,1,1,0
0,0,0,1,0,0,1,1,0,1,1,0,1,0,0,1,1,1,1,1,1,1,1,0,1,1,0,1,1,1,0,0
0,1,0,1,0,1,1,1,1,1,1,0,0,0,1,1,1,1,1,0,1,1,1,0,1,1,1,1,1,1,1,0
1,0,1,1,0,0,1,1,0,1,1,1,0,0,1,1,0,0,0,1,1,1,1,0,1,1,0,1,1,1,0,0
1,0,0,1,0,1,1,1,1,1,1,0,1,1,1,0,1,1,1,0,0,1,1,1,1,0,1,1,1,1,0,1
0,1,1,0,0,1,1,1,0,1,1,1,0,0,1,1,0,0,1,0,1,1,1,0,1,0,0,0,1,1,1,0
1,0,0,0,0,0,1,1,0,1,1,1,0,1,1,1,1,0,0,0,1,1,1,1,0,0,0,1,1,1,1,0
0,0,1,1,0,0,1,1,0,1,1,1,0,0,0,1,1,1,1,1,1,1,1,0,1,1,0,0,1,1,1,1
1,1,0,0,0,0,1,1,1,1,1,0,0,0,0,1,1,1,1,1,0,1,1,0,1,1,1,0,1,1,0,0
0,0,0,1,1,0,1,1,1,1,1,0,1,1,0,0,0,0,0,1,1,1,1,1,0,0,1,1,1,1,1,1
0,1,0,1,0,1,1,1,0,1,1,1,1,1,1,1,0,0,0,0,0,1,1,1,0,1,0,0,1,1,1,1
1,0,1,1,0,0,1,1,0,1,1,1,0,1,1,1,1,1,1,0,1,1,1,0,0,1,1,1,1,1,0,0
0,1,0,0,1,1,1,1,1,1,1,0,1,1,0,1,0,0,0,1,1,1,1,0,0,1,0,0,1,1,0,0
0,0,1,0,0,0,1,1,1,1,1,1,0,1,0,0,0,1,0,1,0,1,1,0,0,1,0,1,1,1,1,0
1,1,0,1,0,0,1,1,0,1,1,1,0,1,0,0,0,0,0,0,1,1,1,0,1,1,1,1,1,1,0,1
0,0,1,1,1,1,1,1,0,1,1,0,0,1,1,0,0,0,1,0,0,1,1,0,0,0,0,1,1,1,1,0
0,1,0,0,0,0,1,1,0,1,1,0,1,1,1,1,0,0,1,0,1,1,1,0,1,0,0,0,1,1,1,1
1,0,0,1,0,0,1,1,1,1,1,1,0,1,0,0,0,1,1,1,1,1,1,0,0,0,1,1,1,1,1,1
0,0,0,0,1,1,1,1,0,1,1,1,0,0,0,1,0,1,0,0,0,1,1,1,1,0,1,1,1,1,1,0
0,0,0,0,1,1,1,1,1,1,1,0,0,1,1,1,1,0,0,0,0,1,1,1,1,1,1,1,1,1,0,0
0,1,1,1,1,1,1,1,0,1,1,0,1,0,0,1,0,0,1,0,0,1,1,1,1,0,0,0,1,1,0,1
1,0,0,0,0,1,1,1,1,1,1,1,0,0,0,1,0,0,1,0,1,1,1,0,1,1,1,0,1,1,1,1
1,1,0,0,1,1,1,1,0,1,1,0,1,0,1,0,1,0,1,1,0,1,1,1,0,1,0,0,1,1,1,1
0,1,1,0,1,1,1,1,1,1,1,1,1,0,0,1,0,1,1,0,1,1,1,1,1,0,0,1,1,1,0,1
0,0,0,0,0,0,1,1,0,1,1,0,0,0,1,1,1,0,0,0,1,1,1,1,1,1,0,0,1,1,0,0
1,0,0,0,0,0,1,1,1,1,1,0,0,1,1,0,1,0,1,0,0,1,1,0,0,0,1,1,1,1,0,1
0,1,1,0,0,0,1,1,0,1,1,1,0,0,1,1,1,0,0,0,1,1,1,1,1,0,0,1,1,1,1,1
1,1,1,1,0,0,1,1,0,1,1,0,1,0,0,1,0,0,1,0,0,1,1,1,1,0,1,0,1,1,1,1
1,1,0,1,0,1,1,1,1,1,1,1,0,1,1,0,0,1,1,1,0,1,1,1,0,0,1,0,1,1,0,1
0,0,0,1,0,0,1,1,1,1,1,0,1,1,0,1,0,0,0,1,0,1,1,1,1,1,0,0,1,1,0,0
1,1,1,1,0,0,1,1,0,1,1,0,1,1,0,1,1,1,1,0,0,1,1,0,1,0,1,1,1,1,1,1
0,1,0,1,0,1,1,1,0,0,0,1,1,0,1,0,0,0,1,0,1,1,1,0,0,1,1,0,1,1,0,1
0,1,1,1,1,1,1,1,1,0,0,0,0,0,0,0,0,0,0,0,1,1,1,0,0,0,0,1,1,1,1,0
0,0,0,0,1,0,1,1,1,0,0,1,1,0,0,1,0,0,1,1,1,1,1,1,0,1,0,0,1,1,0,0
1,0,1,0,1,0,1,1,0,0,0,0,1,1,0,1,0,0,1,1,0,1,1,1,1,1,1,1,1,1,1,0
0,1,1,1,1,0,1,1,1,0,0,1,1,0,0,0,1,1,1,0,1,1,1,1,1,1,1,1,1,1,0,1
1,1,1,0,0,1,1,1,1,0,0,1,0,1,1,0,1,0,0,1,1,1,1,0,0,0,1,0,1,1,1,1
0,1,0,1,1,1,1,1,0,0,0,1,0,1,0,0,1,1,0,1,0,1,1,0,0,0,0,0,1,1,0,0
1,1,0,0,0,1,1,1,0,0,0,0,0,1,0,1,0,0,0,1,1,1,1,0,0,1,1,1,1,1,1,0
0,1,0,0,0,1,1,1,1,0,0,0,0,1,1,0,1,0,0,0,0,1,1,0,0,1,0,0,1,1,0,1
1,1,0,0,1,1,1,1,1,0,0,1,0,1,1,1,1,1,1,1,1,1,1,1,1,1,1,1,1,1,1,0
0,1,0,0,1,0,1,1,1,0,0,0,0,0,0,0,0,1,1,1,1,1,1,1,1,1,0,0,1,1,0,1
1,1,0,0,0,1,1,1,1,0,0,1,0,0,1,1,0,0,1,1,0,1,1,1,1,0,1,1,1,1,0,1
1,1,1,0,0,1,1,1,0,0,0,0,0,1,0,0,1,0,0,1,0,1,1,0,0,1,1,0,1,1,0,1
1,1,0,0,1,1,1,1,0,0,0,0,0,1,0,1,0,1,0,0,1,1,1,1,1,1,1,1,1,1,0,0
1,0,1,1,0,0,1,1,1,0,0,0,0,1,1,1,0,0,0,0,0,1,1,1,1,0,1,1,1,1,1,0
1,1,1,0,0,0,1,1,1,0,0,0,0,1,0,1,1,0,0,1,1,1,1,0,1,1,1,1,1,1,1,0
0,1,1,1,0,0,1,1,0,1,1,1,0,0,1,1,0,1,1,1,1,1,1,1,0,0,0,1,1,1,0,0
0,1,0,0,0,0,1,1,0,1,1,1,1,0,0,1,0,0,0,1,0,1,1,0,0,0,0,0,1,1,0,0
0,1,0,1,1,0,1,1,1,1,1,0,0,0,0,0,1,0,0,0,1,1,1,1,1,0,0,1,1,1,1,1
1,0,1,0,1,0,1,1,0,1,1,1,1,1,1,0,1,0,1,0,1,1,1,1,1,1,0,0,1,1,0,0
0,1,0,0,0,1,1,1,1,1,1,1,1,0,1,0,1,1,0,0,1,1,1,1,0,1,1,1,1,1,1,1
1,0,1,0,0,0,1,1,0,1,1,0,0,0,1,0,0,1,0,0,1,1,1,1,0,1,1,0,1,1,1,1
0,1,0,0,0,1,1,1,1,1,1,0,1,1,1,0,0,0,1,0,0,1,1,0,0,0,1,1,1,1,1,0
0,0,1,0,0,1,1,1,1,1,1,0,1,1,0,1,1,0,1,1,0,1,1,0,0,1,0,1,1,1,1,0
1,0,0,0,0,1,1,1,0,1,1,0,1,0,0,1,1,0,1,0,1,1,1,1,0,0,0,1,1,1,1,0
0,0,0,0,0,1,1,1,1,1,1,1,1,1,1,1,0,1,1,1,1,1,1,0,1,0,1,1,1,1,1,1
0,1,0,1,0,1,1,1,1,1,1,0,1,0,1,0,0,0,0,1,0,1,1,1,1,1,0,0,1,1,0,0
1,1,1,1,0,0,1,1,0,1,1,1,1,1,1,0,1,1,1,1,1,1,1,0,1,1,0,0,1,1,0,1
0,0,0,1,0,1,1,1,0,1,1,0,1,1,0,0,0,0,0,1,1,1,1,0,0,0,1,1,1,1,1,0
1,0,1,1,0,0,1,1,1,1,0,1,0,1,1,1,1,0,0,0,0,1,1,0,0,1,1,0,1,1,1,0
1,1,0,0,0,1,1,1,0,1,0,1,0,1,1,1,0,0,1,0,1,1,1,1,0,0,0,0,1,1,1,1
1,1,0,1,0,1,1,1,1,1,0,1,1,1,0,0,0,0,0,1,1,1,1,0,0,0,1,0,1,1,1,1
0,1,0,1,0,1,1,1,0,1,0,0,0,1,1,0,1,0,1,1,1,1,1,0,0,1,0,0,1,1,1,1
1,0,0,1,0,1,1,1,0,1,0,1,1,1,0,1,0,0,0,0,0,1,1,1,0,1,0,1,1,1,0,0
0,0,1,0,1,1,1,1,0,1,0,1,0,1,1,0,1,0,0,1,1,1,1,1,1,0,0,1,1,1,0,1
1,0,0,0,1,0,1,1,0,1,0,0,1,1,1,0,1,1,0,1,1,1,1,0,0,0,1,1,1,1,1,0
0,0,1,1,0,1,1,1,0,1,0,0,0,0,1,1,1,0,1,0,1,1,1,1,0,0,0,1,1,1,1,1
1,1,0,0,0,1,1,1,1,1,0,0,0,0,0,0,1,0,1,0,0,1,1,0,0,1,0,0,1,1,0,1
1,0,1,0,1,1,1,1,1,1,0,1,1,0,1,1,1,1,1,0,1,1,1,1,0,0,1,0,1,1,0,0
0,1,1,0,1,1,1,1,0,1,1,0,0,0,1,0,1,1,1,1,1,1,1,1,1,0,0,0,1,1,1,0
0,0,1,0,1,1,1,1,0,1,1,1,1,0,0,0,0,1,0,0,0,1,1,0,0,0,0,1,1,1,1,1
0,0,0,1,0,0,1,1,0,1,1,1,1,1,1,0,0,1,1,1,1,1,1,0,0,1,1,1,1,1,1,1
1,0,0,0,0,0,1,1,1,1,1,1,1,1,0,0,1,1,1,0,0,1,1,1,0,1,0,1,1,1,1,1
1,0,0,1,0,0,1,1,0,1,1,0,1,0,1,0,0,1,1,1,0,1,1,1,0,1,0,1,1,1,0,1
0,0,0,0,1,0,1,1,1,1,1,1,0,1,0,1,1,1,1,1,0,1,1,0,1,1,1,0,1,1,1,0
0,1,0,0,0,1,1,1,1,1,1,0,1,0,1,1,1,1,0,1,1,1,1,0,0,0,0,0,1,1,0,0
1,0,1,0,1,1,1,1,1,1,1,0,1,1,0,0,0,0,0,0,1,1,1,0,1,1,1,0,1,1,1,1
1,0,1,1,1,1,1,1,0,1,1,1,0,1,0,0,1,0,0,0,1,1,1,1,0,0,1,0,1,1,0,0
1,1,0,0,0,1,1,1,0,1,1,1,0,0,1,0,1,1,0,1,0,1,1,0,0,0,0,1,1,1,0,1
0,0,1,1,1,0,1,1,1,1,1,0,1,0,0,0,0,1,1,0,1,1,1,0,1,0,0,1,1,1,1,0
1,0,1,1,1,1,1,1,0,1,1,0,0,1,1,1,0,1,0,1,0,1,1,1,1,1,0,1,1,1,1,0
0,1,1,0,0,1,1,1,0,1,1,1,0,1,1,0,0,0,0,0,1,1,1,0,1,0,1,1,1,1,0,1
1,1,0,1,1,0,1,1,0,1,1,1,0,0,0,0,0,0,1,0,1,1,1,0,1,1,1,1,1,1,0,0
0,0,1,1,1,0,1,1,1,1,1,1,1,0,1,1,1,0,1,1,1,1,1,0,1,0,1,0,1,1,0,0
1,0,0,1,0,0,1,1,1,1,1,1,1,0,0,1,0,1,0,0,1,1,1,0,1,1,0,1,1,1,0,1
0,1,1,1,1,0,1,1,0,1,1,1,0,0,1,0,0,0,0,1,1,1,1,0,1,0,1,1,1,1,0,1
0,1,1,1,0,1,1,1,1,1,1,1,1,0,1,0,1,1,0,1,0,1,1,0,0,1,1,1,1,1,0,1
1,0,0,1,1,0,1,1,1,1,1,1,1,0,1,1,0,0,1,0,1,1,1,0,1,0,0,1,1,1,0,1
1,1,1,1,0,0,1,1,1,1,1,0,0,0,0,0,1,1,0,1,1,1,1,1,0,1,0,1,1,1,1,1
0,0,0,0,1,0,1,1,1,1,1,0,0,0,1,0,0,1,0,1,1,1,1,1,1,0,0,0,1,1,0,1
0,1,0,1,1,1,1,1,1,1,1,1,1,0,1,1,0,1,0,0,1,1,1,0,1,0,0,1,1,1,0,0
0,1,1,1,0,1,1,1,1,1,1,1,1,0,0,0,1,1,0,1,1,1,1,0,1,0,1,0,1,1,0,1
0,1,1,1,1,0,1,1,0,1,1,1,0,0,0,1,0,0,1,1,1,1,1,0,1,0,1,0,1,1,1,0
0,1,0,0,0,1,1,1,0,1,1,1,0,0,1,1,0,1,1,1,0,1,1,0,1,0,0,0,1,1,1,1
0,1,1,1,1,1,1,1,1,1,1,1,0,1,1,1,1,1,0,0,0,1,1,1,1,1,1,1,1,1,1,1
1,0,0,0,1,0,1,1,1,1,1,1,0,0,0,1,0,0,1,0,1,1,1,0,0,1,1,1,1,1,0,0
0,0,0,1,0,0,1,1,0,1,1,1,1,1,0,1,0,1,0,0,1,1,1,0,0,0,0,1,1,1,1,1
1,1,1,1,1,1,1,1,0,1,1,1,0,1,0,0,1,1,1,0,0,1,1,1,0,0,0,1,1,1,0,1
0,0,0,0,0,0,1,1,1,1,1,1,0,1,0,0,1,0,0,0,1,1,1,0,1,1,0,0,1,1,1,0
0,1,1,0,0,1,1,1,0,1,1,0,1,0,0,0,1,0,0,1,1,1,1,0,1,0,1,0,1,1,0,1
1,0,0,1,0,1,1,1,1,1,1,1,1,0,0,0,1,0,0,0,1,1,1,1,0,0,0,0,1,1,1,0
1,1,0,1,0,0,1,1,1,1,1,0,0,0,0,0,1,0,1,1,0,1,1,0,0,0,1,0,1,1,1,0
0,0,1,0,1,1,1,1,1,1,1,0,1,1,0,0,0,0,0,1,0,1,1,0,1,0,1,1,1,1,0,1
1,1,1,1,0,0,1,1,0,1,1,0,0,0,1,0,1,0,0,1,1,1,1,1,1,1,0,1,1,1,0,0
0,1,0,0,0,1,1,1,1,1,1,0,0,1,0,1,0,0,0,1,0,1,1,0,0,1,1,0,1,1,1,1
1,1,1,0,0,1,1,1,1,1,1,1,0,1,0,1,0,1,0,1,0,1,1,0,0,0,0,1,1,1,1,1
0,1,0,1,1,0,1,1,0,1,1,0,0,0,1,1,0,0,1,0,0,1,1,1,1,0,1,0,1,1,0,1
1,0,1,0,1,1,1,1,0,1,1,0,0,1,1,1,0,1,1,0,0,1,1,1,0,1,0,0,1,1,0,1
1,0,0,1,1,1,1,1,0,1,1,1,0,0,1,1,1,1,0,0,1,1,1,1,0,0,0,1,1,1,0,0
1,0,1,1,1,0,1,1,0,1,1,1,0,1,0,1,0,0,0,0,0,1,1,0,0,1,0,0,1,1,0,1
1,0,0,1,0,0,1,1,0,1,1,0,0,1,0,1,1,0,1,0,0,1,1,0,1,0,1,0,1,1,0,1
1,0,0,0,1,0,1,1,1,1,1,0,0,1,0,0,0,0,1,0,0,1,1,0,1,0,0,1,1,1,1,1
0,0,0,0,0,0,1,1,1,1,1,1,1,1,1,0,0,0,1,0,1,1,1,0,0,1,0,1,1,1,0,0
1,1,0,1,0,0,1,1,1,1,1,0,1,0,0,0,0,1,1,0,1,1,1,1,1,0,0,0,1,1,1,0
1,1,1,1,0,0,1,1,1,1,1,0,1,0,1,0,1,0,0,0,0,1,1,0,1,0,1,1,1,1,0,0
0,1,0,1,0,1,1,1,1,1,1,1,1,0,1,0,1,0,0,1,1,1,1,1,1,0,0,0,1,1,0,1
1,1,1,1,0,1,1,1,0,1,1,1,0,1,1,1,1,0,1,0,0,1,1,1,1,1,1,1,1,1,1,1
0,1,1,1,0,1,1,1,0,1,1,1,0,0,1,0,0,0,0,1,1,1,1,1,1,1,1,1,1,1,1,0
1,0,0,0,0,1,1,1,1,1,1,0,0,1,0,1,0,0,0,0,1,1,1,1,1,0,1,1,1,1,0,0
0,0,0,1,0,0,1,1,1,1,1,1,1,1,0,1,0,0,1,1,0,1,1,1,1,0,1,1,1,1,1,0
0,0,1,1,1,1,1,1,1,1,1,1,0,0,1,1,1,1,1,1,1,1,0,0,1,0,1,1,1,1,1,0
1,1,1,0,0,0,1,1,1,1,1,0,0,0,0,1,0,1,0,1,1,1,1,1,1,0,1,0,1,1,1,0
1,1,0,0,0,0,1,1,1,1,1,0,1,0,0,1,1,1,1,0,0,1,0,0,0,0,1,0,1,1,0,1
1,0,0,0,0,1,1,1,0,1,1,0,1,0,0,0,0,1,0,0,1,1,1,1,0,1,0,0,1,1,1,1
0,0,0,1,0,0,1,1,0,1,1,0,0,1,1,0,1,1,0,0,1,1,0,0,0,0,1,1,1,1,1,0
1,1,1,0,0,0,1,1,0,1,1,0,0,0,0,0,1,1,1,1,1,1,1,1,1,0,1,0,1,1,0,1
1,1,0,1,0,1,1,1,1,1,1,0,0,1,0,1,0,0,0,1,0,1,0,0,1,0,0,0,1,1,1,0
0,1,0,0,0,1,1,1,1,1,1,0,0,0,1,0,0,1,0,0,1,1,1,1,0,1,0,1,1,1,1,0
1,1,1,1,1,0,1,1,0,1,1,0,0,0,0,0,0,1,1,0,0,1,1,1,1,0,0,1,1,1,0,0
1,1,1,0,0,1,1,1,0,1,1,0,0,0,1,1,1,0,1,1,1,1,1,1,0,0,0,0,1,1,0,0
1,1,1,1,1,0,1,1,1,1,1,0,0,0,0,1,0,0,0,1,0,1,0,0,0,0,0,0,1,1,0,0
1,1,1,0,0,0,1,1,0,1,1,1,1,0,1,0,1,1,0,1,0,1,1,1,1,1,1,1,1,1,0,1
1,0,1,1,0,1,1,1,1,1,1,1,0,0,0,0,0,0,0,1,0,1,1,1,0,0,1,1,1,1,1,0
0,0,0,1,1,0,1,1,0,1,1,1,0,0,1,1,0,1,0,0,0,1,1,1,0,1,0,0,1,1,0,0
1,1,1,0,0,0,1,1,0,1,1,1,0,1,0,0,1,1,0,1,1,1,0,0,1,1,1,0,1,1,1,0
0,0,0,1,0,0,1,1,0,1,1,0,0,1,0,1,1,1,1,1,0,1,1,1,0,0,0,1,1,1,1,0
1,1,1,0,1,1,1,1,0,1,1,1,0,0,1,0,0,1,1,1,1,1,0,0,0,0,0,1,1,1,0,0
0,0,0,0,0,0,1,1,0,1,1,1,1,1,0,1,1,1,1,0,0,1,0,0,1,1,0,1,1,1,0,1
0,0,1,1,1,0,1,1,1,1,1,1,1,1,1,0,0,1,0,1,0,1,1,1,0,1,1,1,1,1,0,0
0,0,0,1,0,0,1,1,1,1,1,0,0,1,1,1,0,1,1,1,1,1,0,0,1,1,0,1,1,1,0,1
1,0,0,1,0,1,1,1,1,1,1,1,1,0,0,1,0,0,0,0,0,1,1,1,0,1,1,0,1,1,0,1
0,0,0,1,1,0,1,1,0,1,1,1,1,0,0,0,0,0,0,1,0,1,0,0,0,1,1,0,1,1,0,1
0,1,0,0,1,1,1,1,1,1,1,1,1,1,0,1,1,1,1,0,1,0,1,1,0,0,0,1,1,1,0,1
0,1,0,0,0,0,1,1,0,1,1,0,0,1,1,1,0,0,0,0,1,0,1,1,0,1,0,1,1,1,0,0
0,0,0,1,1,0,1,1,1,1,1,0,0,1,1,0,0,0,1,0,0,0,0,0,0,1,0,0,1,1,1,1
1,0,0,0,0,1,1,1,1,1,1,1,1,1,1,1,0,0,0,0,0,1,1,1,1,1,0,0,1,1,0,0
1,0,1,1,1,0,1,1,1,1,1,1,1,0,0,1,0,1,1,0,0,0,0,0,1,1,1,0,1,1,1,1
0,1,0,0,1,0,1,1,1,1,1,1,1,0,1,0,1,1,0,0,0,0,1,1,1,1,1,0,1,1,1,0
1,0,0,1,0,0,1,1,1,1,1,1,1,0,1,1,0,1,1,0,0,0,1,1,0,0,1,1,1,1,0,0
0,1,0,1,0,0,1,1,1,1,1,1,1,0,1,0,1,1,0,1,1,1,1,1,0,1,1,0,1,1,1,0
0,0,0,0,0,0,1,1,0,1,1,1,0,1,0,1,1,1,1,1,0,1,1,1,0,1,0,0,1,1,0,1
1,1,0,1,1,1,1,1,1,1,1,1,1,1,0,1,1,0,1,0,0,1,0,0,1,1,0,0,1,1,1,1
0,1,0,1,1,0,1,1,1,1,1,1,1,1,1,0,1,1,0,1,1,1,1,1,0,0,1,0,1,1,1,0
0,0,1,0,1,1,1,1,0,1,1,1,1,0,0,0,1,1,0,0,0,0,1,1,0,0,0,1,1,1,0,0
1,1,1,0,0,1,1,1,1,1,1,1,0,1,1,1,0,0,1,1,1,0,1,1,0,0,1,0,1,1,0,1
0,1,1,1,0,1,1,1,1,1,1,1,1,0,0,1,1,0,0,1,1,1,0,0,1,0,1,1,1,1,0,0
0,1,1,1,1,1,1,1,0,1,1,0,0,1,1,1,1,1,1,0,1,0,0,0,0,1,1,1,1,1,0,0
1,1,0,1,1,1,1,1,1,1,1,1,0,0,1,0,1,0,1,1,1,1,0,0,0,1,0,0,0,0,0,1
0,0,0,1,1,0,1,1,0,1,1,0,1,0,1,0,1,1,1,1,0,1,0,0,1,1,1,0,1,1,1,1
1,1,0,1,1,1,1,1,0,1,1,1,1,1,0,0,0,0,0,1,0,0,1,1,1,0,1,0,1,1,0,0
1,1,0,0,1,0,1,1,1,1,1,1,1,0,1,1,0,1,1,0,0,1,0,0,0,1,0,1,0,0,0,0
1,0,0,0,0,1,1,1,1,1,1,0,1,1,1,0,0,0,1,1,0,1,1,1,0,0,1,1,0,0,1,1
1,1,0,1,0,1,1,1,0,1,1,0,0,0,0,0,0,1,0,1,0,0,1,1,0,1,1,1,1,1,0,1
1,0,0,1,1,1,1,1,1,1,1,0,1,0,1,1,0,0,0,0,1,0,0,0,1,1,1,0,0,0,0,1
0,0,0,1,1,0,1,1,1,1,1,0,0,0,0,1,1,0,0,1,0,0,1,1,1,1,0,1,0,0,0,1
0,1,0,0,0,0,1,1,1,1,1,0,1,1,1,1,1,0,0,0,0,0,1,1,0,0,0,0,0,0,0,0
0,1,1,1,1,1,1,1,1,1,1,1,1,1,1,1,0,1,0,0,0,0,0,0,1,1,0,0,0,0,1,1
1,1,1,0,1,0,1,1,0,1,1,0,0,0,0,1,1,1,0,1,0,1,0,0,0,0,0,0,1,1,1,1
0,0,1,0,1,1,1,1,0,1,1,0,0,1,1,0,0,0,1,1,1,1,0,0,0,1,1,0,0,0,0,1
0,0,0,1,1,1,1,1,0,1,1,0,1,1,0,0,1,0,0,1,0,1,0,0,1,0,1,0,1,1,0,0
0,1,1,1,1,0,1,1,1,1,1,0,0,1,1,0,1,1,1,1,0,1,0,0,0,0,0,0,0,0,0,0
1,0,1,0,1,1,1,1,1,1,1,1,1,1,0,1,0,0,0,1,0,0,1,1,1,1,1,1,0,0,0,1
0,0,1,1,0,1,1,1,1,1,1,0,0,0,0,1,0,1,1,0,1,0,1,1,1,1,0,1,0,0,1,1
0,0,0,0,0,0,1,1,0,1,1,0,0,1,1,1,1,1,1,1,0,1,0,0,1,0,1,0,0,0,0,0
0,0,1,0,1,1,1,1,1,1,1,0,0,0,1,0,0,1,0,1,0,1,0,0,0,1,1,0,1,1,0,0
1,0,1,1,0,1,1,1,0,1,1,1,1,1,0,1,1,0,1,1,1,1,1,1,0,1,1,0,0,0,0,0
0,0,0,1,1,0,1,1,1,1,1,1,1,1,1,0,1,1,0,1,0,1,1,1,1,0,0,1,1,1,1,0
0,0,1,1,0,0,1,1,1,1,1,0,1,1,1,1,0,1,1,1,0,0,1,1,0,0,1,1,0,0,0,0
0,1,1,0,1,1,1,1,1,1,1,1,1,0,0,1,1,1,1,0,0,0,1,1,0,1,1,1,0,0,0,0
0,1,1,0,0,1,1,1,1,1,1,1,0,1,0,1,1,0,0,0,0,1,1,1,1,1,0,0,1,1,0,1
0,1,0,0,0,0,1,1,1,1,1,1,1,0,1,1,1,1,1,0,1,1,1,1,1,1,1,1,0,0,1,1
1,1,1,0,0,0,1,1,1,1,1,0,0,1,0,1,1,0,0,1,1,1,0,0,0,0,0,0,1,1,1,1
1,1,1,1,1,1,1,1,0,1,1,1,1,0,1,1,1,0,0,0,1,1,1,1,0,1,1,1,1,1,1,0
0,0,1,1,0,1,1,1,1,1,1,1,1,0,0,1,1,0,1,1,1,0,1,1,1,0,1,0,0,0,0,1
0,1,0,1,1,1,1,1,0,1,1,1,1,0,1,0,0,1,1,1,1,0,1,1,0,1,0,0,0,0,1,1
1,0,0,0,1,0,1,1,0,0,0,0,1,0,0,1,1,1,0,1,1,1,0,0,0,1,1,1,1,1,1,0
0,1,0,1,1,0,1,1,1,0,0,0,1,1,0,1,0,1,0,0,0,1,0,0,0,0,1,1,1,1,1,0
0,0,1,1,0,1,1,1,0,1,1,0,1,1,1,1,1,0,0,0,0,1,1,1,1,1,1,1,1,1,0,1
1,0,1,0,0,1,1,1,1,1,1,0,1,1,0,1,0,0,1,0,1,1,0,0,0,0,0,0,0,0,0,0
0,0,0,1,0,0,1,1,1,0,0,0,0,0,1,1,0,1,1,0,0,0,1,1,0,1,1,0,1,1,0,0
1,1,1,0,0,0,1,1,0,1,1,0,1,0,1,0,1,0,1,1,1,1,0,0,0,0,0,1,0,0,0,1
1,0,1,1,0,0,1,1,1,0,0,1,1,1,0,0,1,0,1,1,0,0,0,0,1,0,0,1,0,0,0,1
1,0,1,0,0,0,1,1,1,0,0,0,0,1,0,1,1,1,1,0,1,0,1,1,1,1,1,0,0,0,0,0
1,1,0,1,0,0,1,1,1,1,1,0,0,0,1,1,0,1,1,0,0,0,1,1,1,1,0,1,0,0,0,0
1,1,1,1,1,0,1,1,1,0,0,0,1,0,1,0,1,1,0,1,0,0,0,0,1,0,1,1,0,0,1,1
0,0,1,1,1,1,1,1,1,1,1,1,0,0,1,0,1,0,0,0,0,1,0,0,0,0,0,0,0,0,1,0
1,0,0,0,0,1,1,1,1,0,0,0,0,0,1,0,1,0,0,0,0,1,1,1,1,0,0,1,0,0,0,0
1,1,0,0,1,1,1,1,1,1,1,0,1,1,0,0,0,0,1,1,1,0,1,1,1,0,0,1,0,0,1,0
0,0,0,1,0,1,1,1,0,0,0,1,0,0,1,1,1,0,0,0,0,0,1,1,1,0,1,1,0,0,1,0
1,0,1,0,1,0,1,1,1,0,0,1,1,0,0,1,1,1,0,0,1,1,1,1,0,1,1,1,1,1,1,1
1,0,1,0,1,1,1,1,0,0,0,1,1,1,0,1,0,1,1,0,0,1,0,0,1,1,0,1,0,0,0,1
1,0,0,0,0,1,1,1,0,0,0,1,1,0,1,0,0,1,1,1,0,1,1,1,1,1,0,1,0,0,0,1
1,1,1,1,0,0,1,1,0,0,0,1,0,0,0,0,1,0,0,1,1,0,0,0,0,1,1,0,0,0,1,1
0,1,1,0,0,0,1,1,0,0,0,1,0,0,1,1,1,0,1,0,0,1,0,0,1,0,0,0,1,1,0,0
0,0,1,1,0,0,1,1,1,0,0,1,1,0,0,1,1,0,1,0,1,1,1,1,1,1,1,1,1,1,1,0
1,1,1,0,1,0,1,1,1,1,1,0,0,1,0,0,1,1,0,0,1,1,0,0,1,1,0,0,0,0,1,0
0,1,1,0,0,1,1,1,1,0,0,0,0,1,1,0,0,0,1,1,0,1,0,0,0,1,1,0,0,0,0,1
1,0,0,1,0,0,1,1,1,0,0,1,1,1,1,0,0,0,0,0,0,0,1,1,1,0,1,1,1,1,0,1
0,1,0,1,0,0,1,1,1,1,1,0,0,0,1,0,0,0,1,0,1,0,1,1,0,1,1,1,1,1,1,0
1,1,0,0,0,1,1,1,1,1,1,0,0,0,0,0,1,1,1,0,0,0,1,1,0,1,0,1,1,1,0,1
1,0,1,0,1,0,1,1,0,0,0,1,1,1,0,1,1,1,0,1,1,0,0,0,1,0,0,0,1,1,1,1
1,1,1,0,0,1,1,1,1,0,0,1,1,0,1,0,0,1,1,1,1,0,0,0,0,0,1,1,1,1,1,1
0,0,1,0,0,0,1,1,1,1,1,0,0,1,0,0,0,0,0,1,0,0,1,1,1,1,1,1,1,1,0,0
1,1,1,1,1,1,1,1,0,1,1,1,1,0,0,0,1,1,0,1,0,1,0,0,1,0,1,1,0,0,0,1
1,0,0,1,0,0,1,1,0,1,1,1,1,1,1,0,1,1,0,0,0,0,1,1,1,1,0,1,0,0,0,1
1,1,0,1,0,0,1,1,0,1,1,1,0,1,1,0,1,0,1,1,0,0,0,0,0,0,0,1,1,1,1,0
0,0,1,0,0,0,1,1,0,1,1,0,0,1,0,1,1,1,1,1,0,0,1,1,0,0,1,0,0,0,0,0
0,0,1,0,1,0,1,1,1,1,1,1,1,0,0,0,1,0,0,1,1,0,1,1,1,0,1,1,0,0,0,0
0,0,0,0,0,1,1,1,0,1,1,0,0,1,1,0,1,1,0,0,1,0,1,1,1,1,1,1,0,0,1,1
1,0,0,0,0,0,1,1,1,1,1,0,1,1,1,1,1,0,1,1,1,1,0,0,1,1,1,1,0,0,0,0
0,0,0,1,0,1,1,1,0,1,1,0,1,0,1,0,1,1,1,1,0,1,0,0,1,1,1,1,1,1,1,0
1,0,0,1,0,0,1,1,0,1,1,1,0,0,1,1,0,0,1,1,0,0,1,1,0,1,0,1,1,1,0,1
1,1,1,1,1,1,1,1,0,1,1,0,1,0,1,1,0,0,1,1,0,1,0,0,0,0,1,1,0,0,1,0
0,1,0,0,0,0,1,1,0,1,1,1,1,1,1,1,0,1,1,0,0,1,0,0,1,1,1,1,0,0,1,1
0,0,1,1,1,0,1,1,1,1,1,0,1,0,1,0,0,1,1,0,1,1,0,0,0,1,1,1,1,1,1,1
1,0,0,0,1,1,1,1,0,1,1,1,1,0,0,1,0,0,0,0,0,0,1,1,0,1,1,1,1,1,1,1
1,1,0,1,1,0,1,1,0,1,1,1,1,1,1,0,0,0,0,0,1,0,1,1,1,1,1,1,1,1,1,1
1,1,0,1,0,0,1,1,0,1,1,1,0,1,1,0,1,1,1,1,1,1,0,0,1,0,0,1,1,1,0,0
1,0,0,1,0,1,1,1,1,1,1,0,0,1,0,1,0,0,1,1,0,0,1,1,0,1,0,1,1,1,0,0
0,1,1,1,1,0,1,1,1,1,1,0,1,0,0,1,1,1,0,1,0,0,0,0,0,0,1,1,1,1,1,0
1,1,0,0,1,1,1,1,0,1,1,0,1,0,0,1,0,1,0,1,0,1,0,0,0,1,1,1,1,1,1,1
1,1,1,1,1,1,1,1,0,1,1,0,1,1,1,0,0,0,1,1,1,0,1,1,1,0,0,1,1,1,0,1
0,1,0,1,0,0,1,1,1,1,1,1,0,0,0,0,1,0,1,0,1,0,1,1,1,0,1,0,0,0,1,1
1,0,0,0,1,0,1,1,1,1,1,1,0,1,0,0,1,0,0,1,0,1,0,0,1,1,1,1,1,1,1,0
1,1,1,1,1,0,1,1,1,1,1,1,1,0,1,1,1,0,1,0,0,0,1,1,0,0,1,1,0,0,1,0
1,1,1,1,0,1,1,1,1,1,1,1,1,1,1,0,1,0,0,0,0,0,1,1,0,0,0,0,0,0,0,1
1,0,1,0,0,1,1,1,0,1,1,0,0,1,0,0,0,1,0,1,0,0,0,0,1,0,0,0,1,1,0,0
1,0,1,0,0,1,1,1,1,1,1,1,0,1,0,1,1,1,0,1,0,1,0,0,1,0,0,1,0,0,1,1
1,0,0,0,0,1,1,1,1,1,1,0,1,0,1,1,1,0,1,1,0,1,0,0,0,1,1,0,1,1,0,1
1,0,1,1,1,0,1,1,0,1,1,0,0,0,0,1,1,0,1,0,1,1,1,1,0,1,1,0,1,1,1,1
1,1,1,1,0,0,1,1,1,1,1,0,0,0,1,1,1,1,1,1,1,1,0,0,1,0,0,0,0,0,1,1
1,1,0,0,1,0,1,1,0,1,1,0,0,1,0,1,0,0,0,0,1,0,1,1,1,1,1,0,0,0,0,1
1,0,0,0,1,1,1,1,1,1,1,0,1,1,1,0,1,1,0,0,0,1,1,1,0,0,1,1,1,1,1,1
1,1,0,0,0,0,1,1,0,1,1,0,0,0,1,0,0,1,0,1,1,0,1,1,1,1,0,1,1,1,0,0
0,0,1,0,0,1,1,1,0,1,1,1,0,0,1,0,0,0,1,1,0,1,0,0,1,1,1,1,0,0,0,0
1,1,1,1,0,1,1,1,0,1,0,1,1,0,0,0,1,0,1,1,1,1,1,1,0,0,1,1,1,1,0,1
1,1,0,0,1,1,1,1,1,1,0,0,0,1,0,1,0,0,1,1,0,0,0,0,0,0,0,0,0,0,1,0
1,1,0,0,1,1,1,1,1,1,0,1,1,1,0,0,1,1,1,1,1,1,1,1,1,0,1,1,1,1,1,0
0,1,0,1,0,1,1,1,0,1,0,1,1,0,1,0,0,0,0,0,1,0,0,0,1,1,1,0,0,0,1,1
0,0,1,0,1,1,1,1,1,1,0,1,0,0,1,1,1,1,1,1,1,1,0,0,1,0,0,1,1,1,0,0
0,1,1,0,0,1,1,1,1,1,0,1,1,1,1,1,0,0,0,1,0,0,1,1,0,0,1,1,0,0,1,0
1,0,1,0,1,1,1,1,0,1,0,1,0,1,0,1,0,0,1,1,0,0,0,0,1,0,0,0,0,0,0,1
1,0,0,0,0,1,1,1,1,1,1,0,1,1,1,0,1,0,0,1,0,1,1,1,1,1,1,1,1,1,0,0
0,0,0,0,1,0,1,1,0,1,1,1,1,1,1,1,1,1,0,1,0,0,1,1,0,0,1,1,1,1,0,1
1,1,1,0,1,0,1,1,1,1,1,1,1,0,1,1,1,0,1,0,1,1,1,1,1,0,0,0,1,1,1,1
0,1,0,0,0,1,1,1,0,1,1,0,1,0,1,0,1,0,0,0,0,1,0,0,0,0,1,0,0,0,0,0
0,1,0,1,0,0,1,1,1,1,1,1,1,0,1,1,0,0,0,0,0,1,0,0,0,1,0,1,1,1,0,0
1,1,1,1,1,1,1,1,0,1,1,0,0,1,0,0,0,1,0,1,0,1,1,1,0,0,1,1,0,0,0,1
0,0,0,0,0,1,1,1,0,1,1,0,1,0,0,1,1,0,0,0,1,0,0,0,0,0,1,0,1,1,0,0
0,1,0,1,0,1,1,1,1,1,1,0,1,1,1,1,1,0,0,0,1,1,0,0,1,1,1,0,1,1,0,1
0,1,1,0,0,1,1,1,1,1,1,1,0,1,1,0,1,1,1,1,0,1,0,0,1,1,1,0,1,1,0,1
1,0,0,0,1,1,1,1,1,1,1,1,1,1,0,1,0,1,0,0,1,0,1,1,1,1,0,1,0,0,0,0
0,1,0,0,1,1,1,1,1,1,1,1,1,0,1,1,1,0,0,1,1,0,0,0,0,0,1,0,1,1,1,0
0,1,1,0,0,1,1,1,1,1,1,1,1,1,1,0,0,1,1,1,1,1,0,0,1,0,0,1,0,0,1,1
0,0,1,0,0,1,1,1,1,1,1,1,0,1,0,0,1,0,1,0,1,1,1,1,1,0,0,0,0,0,0,0
0,1,1,0,1,0,1,1,1,1,1,1,1,1,1,0,1,0,1,1,1,0,1,1,1,1,0,1,1,1,0,0
1,1,1,0,1,1,1,1,1,1,1,0,1,1,1,0,0,1,0,1,1,0,0,0,0,1,1,1,0,0,1,1
0,0,1,0,0,1,1,1,1,1,1,0,1,0,1,1,0,1,0,0,0,1,0,0,0,0,0,1,0,0,1,0
1,0,0,0,0,0,1,1,1,1,1,1,0,0,1,1,0,1,0,0,1,0,0,0,0,1,0,0,0,0,0,0
0,0,1,0,0,1,1,1,1,1,1,1,0,0,0,1,1,1,0,1,1,1,0,0,0,0,1,1,0,0,0,1
0,0,1,0,1,1,1,1,1,1,1,0,0,0,1,0,1,0,0,0,1,1,1,1,1,1,0,0,0,0,0,0
1,1,1,0,1,0,1,1,1,1,1,0,1,0,0,0,1,1,0,0,1,0,0,0,1,1,0,1,1,1,1,1
1,0,0,0,0,0,1,1,1,1,1,0,0,1,0,1,1,0,0,0,0,0,0,0,0,0,1,1,0,0,1,1
1,0,1,0,0,1,1,1,1,1,1,0,0,1,0,0,1,1,1,0,0,0,1,1,1,1,1,0,0,0,0,0
0,0,0,0,1,1,1,1,1,1,0,1,1,1,0,0,1,1,0,0,0,1,1,1,0,1,1,1,1,1,1,1
1,1,1,0,0,0,1,1,1,1,0,0,1,1,0,0,0,1,0,1,1,0,0,0,0,0,1,1,0,0,0,0
0,0,1,1,1,0,1,1,1,1,0,0,1,0,0,0,1,1,0,0,1,1,0,0,1,0,0,0,0,0,1,1
0,1,0,1,1,1,1,1,1,1,0,1,0,1,1,0,0,1,0,1,1,1,1,1,0,1,1,0,0,0,1,1
0,0,1,1,0,1,1,1,1,1,0,1,1,0,0,1,0,1,1,0,1,1,0,0,0,1,1,1,1,1,1,0
0,1,0,0,1,1,1,1,1,1,0,0,1,0,0,1,0,0,0,1,0,1,0,0,1,0,1,1,0,0,1,1
0,0,1,0,0,1,1,1,1,1,0,1,1,0,0,0,1,1,0,0,1,0,1,1,1,1,0,0,0,0,0,1
1,0,0,1,0,0,1,1,1,1,0,0,0,0,1,1,1,1,1,0,1,0,0,0,0,1,0,0,0,0,1,0
1,1,1,1,0,0,1,1,1,1,0,1,1,0,0,1,1,1,0,0,1,1,1,1,0,1,1,0,1,1,1,0
1,0,0,0,1,1,1,1,1,1,0,0,0,0,0,0,0,0,1,0,0,1,1,1,1,0,1,0,1,1,0,1
0,1,1,1,1,0,1,1,1,1,0,1,0,1,1,1,0,0,0,1,0,0,1,1,1,1,0,1,0,0,1,1
1,0,0,1,0,0,1,1,1,1,0,0,0,0,0,1,0,0,0,0,1,1,1,1,0,0,1,0,1,1,1,1
1,0,1,0,0,0,1,1,1,1,0,0,1,0,1,0,0,1,1,1,0,1,0,0,0,0,0,0,0,0,0,0
0,0,0,0,0,0,1,1,1,1,0,1,0,0,1,0,1,0,1,0,1,0,1,1,1,0,1,0,0,0,0,0
1,1,0,1,1,0,1,1,1,1,0,1,0,0,1,1,1,0,0,0,1,1,1,1,0,0,1,1,1,1,1,1
1,0,0,0,1,0,1,1,1,1,0,0,0,1,0,1,0,0,1,1,0,0,1,1,1,0,0,1,1,1,1,1
0,1,0,1,1,0,1,1,1,1,1,1,1,1,0,0,1,1,1,0,0,1,0,0,1,0,0,1,1,1,1,1
0,1,0,0,0,1,1,1,1,1,1,1,0,0,1,1,1,0,0,0,1,1,0,0,0,0,0,0,0,0,1,1
1,1,0,0,1,0,1,1,1,1,1,0,1,0,1,0,1,0,0,1,0,0,0,0,1,0,1,0,0,0,0,1
0,0,1,0,0,1,1,1,1,1,1,0,0,1,1,1,0,0,1,0,1,1,1,1,1,1,0,1,1,1,0,0
0,1,1,1,0,0,1,1,1,1,1,0,0,0,1,1,1,1,0,1,1,1,1,1,1,0,1,1,0,0,1,1
0,1,0,1,1,0,1,1,1,1,1,0,0,1,1,0,1,0,0,0,0,0,0,0,1,1,1,0,1,1,0,1
0,1,1,0,1,1,1,1,1,1,1,1,0,0,0,0,0,1,0,0,0,0,1,1,0,0,1,0,0,0,1,1
1,0,1,1,1,0,1,1,1,1,1,1,1,0,0,1,1,1,1,1,1,1,1,1,1,0,0,1,1,1,0,1
1,0,0,0,0,1,1,1,1,1,1,1,0,0,1,1,1,1,1,1,0,0,1,1,0,0,0,0,1,1,0,0
1,0,1,0,1,0,1,1,1,1,1,0,1,0,1,0,1,1,1,0,1,1,0,0,0,0,0,0,0,0,1,1
0,0,1,1,0,1,1,1,1,1,1,1,0,0,0,1,0,1,1,0,0,1,0,0,1,0,1,0,0,0,0,0
1,1,1,1,1,0,1,1,1,1,1,0,1,1,0,0,1,1,1,0,0,0,1,1,0,1,1,0,0,0,1,0
1,0,0,1,0,0,1,1,1,1,1,1,1,0,0,1,0,1,1,1,0,1,0,0,0,1,0,1,1,1,1,1
0,1,1,1,1,1,1,1,1,1,1,0,1,0,0,1,1,1,1,1,1,1,1,1,1,1,1,1,0,0,1,0
0,0,1,0,0,0,1,1,1,1,1,0,0,1,0,0,1,1,1,0,1,0,1,1,1,1,1,1,1,1,0,1
0,1,1,0,0,0,1,1,1,1,1,0,1,0,0,0,0,0,0,0,0,1,0,0,0,0,0,0,0,0,1,1
1,0,0,0,1,1,1,1,1,1,1,0,0,1,1,0,0,0,0,0,1,1,0,0,0,0,0,0,0,0,0,1
1,1,0,1,1,0,1,1,1,1,1,0,0,1,1,1,0,0,1,0,0,0,0,0,1,0,0,1,1,1,1,1
0,1,0,1,0,1,1,1,1,1,1,0,1,1,0,1,0,0,1,1,0,1,0,0,1,0,0,1,1,1,0,0
0,0,1,1,0,1,1,1,1,1,1,1,1,0,1,0,1,0,0,1,1,1,0,0,1,0,1,0,0,0,1,0
0,1,1,0,0,1,1,1,1,1,1,0,1,1,1,0,0,0,1,0,0,1,1,1,0,1,0,0,0,0,1,0
1,0,1,1,0,0,1,1,1,1,1,0,0,0,0,1,0,1,0,0,0,1,0,0,1,1,1,1,1,1,1,1
1,1,0,1,1,0,1,1,1,1,1,1,0,1,0,1,0,0,1,1,1,0,1,1,1,0,1,0,1,1,1,0
0,1,1,0,1,1,1,1,1,1,1,1,1,1,0,1,1,1,1,0,1,0,0,0,1,1,1,0,0,0,0,1
0,1,0,1,0,0,1,1,1,1,0,0,0,1,1,0,0,1,1,1,0,0,1,1,0,0,1,0,1,1,0,0
1,0,1,1,1,1,1,1,1,1,0,1,1,1,1,0,1,0,1,0,1,1,1,1,1,1,0,0,0,0,0,1
1,0,0,0,1,1,1,1,1,1,0,0,1,1,0,0,1,1,0,0,0,0,1,1,0,1,1,1,0,0,0,1
1,0,1,0,1,1,1,1,1,1,0,1,1,0,0,0,0,1,1,0,0,0,1,1,1,0,1,0,1,1,1,0
0,0,0,0,0,1,1,1,1,1,0,1,1,1,0,0,0,0,0,0,1,1,1,1,1,0,1,1,1,1,0,1
1,0,1,1,1,1,1,1,1,1,0,1,1,1,1,1,0,0,0,0,0,0,1,1,0,1,1,1,0,0,1,1
0,1,0,1,1,0,1,1,1,1,0,0,0,0,1,1,1,0,1,0,0,1,1,1,1,1,1,0,1,1,0,1
1,1,0,0,0,0,1,1,1,1,0,1,0,0,1,1,0,0,1,1,0,0,0,0,0,0,1,0,1,1,1,0
1,0,0,1,0,0,1,1,1,1,0,0,0,1,1,0,1,1,1,1,0,0,1,1,1,1,0,0,0,0,0,1
0,0,1,0,0,1,1,1,1,1,0,1,1,1,0,1,0,0,1,0,1,0,0,0,0,1,1,0,0,0,0,1
1,1,0,0,0,0,1,1,1,1,0,0,0,1,0,0,1,0,0,0,1,0,0,0,0,1,0,0,1,1,1,0
0,1,0,0,0,0,1,1,1,1,0,0,1,0,0,1,1,0,0,0,1,0,0,0,1,0,1,0,1,1,1,0
0,1,1,1,1,1,1,1,1,1,0,0,0,0,1,1,0,0,1,1,0,1,0,0,1,0,1,1,0,0,0,1
1,1,0,1,0,1,1,1,1,1,0,1,1,1,1,1,0,0,0,0,1,0,1,1,1,1,1,0,1,1,1,1
0,1,0,1,1,1,1,1,1,1,0,1,0,0,0,0,1,0,0,1,1,1,1,1,0,1,0,1,0,0,1,1
0,1,1,0,0,1,1,1,1,1,0,0,0,1,1,1,1,0,0,1,0,0,0,0,1,1,1,0,1,1,0,1
0,0,1,1,0,1,1,1,1,1,0,0,1,0,1,0,1,0,0,1,1,1,1,1,1,1,1,1,1,1,0,1
1,0,1,0,0,1,1,1,1,1,0,0,0,1,0,0,0,1,1,0,0,1,0,0,1,1,0,0,0,0,0,0
0,0,1,0,0,0,1,1,1,1,0,1,0,1,1,1,1,1,1,1,0,0,1,1,0,0,1,0,1,1,0,1
1,1,0,0,0,1,1,1,1,1,1,1,0,0,1,0,0,0,0,0,1,1,1,1,1,1,1,0,1,1,1,0
1,0,1,0,0,0,1,1,1,1,1,0,1,1,0,0,0,1,0,0,0,1,1,1,0,0,1,0,0,0,1,0
0,0,0,1,1,0,1,1,1,1,1,0,0,1,1,0,1,0,1,0,1,0,0,0,0,0,0,0,0,0,0,0
1,1,0,0,0,0,1,1,1,1,1,0,0,0,0,1,0,1,0,1,1,0,1,1,0,1,1,0,1,1,1,1
1,0,1,1,1,1,1,1,1,1,1,1,1,1,1,0,1,1,1,1,1,1,0,0,1,1,1,1,0,0,1,1
0,0,0,1,0,1,1,1,1,1,1,1,1,0,0,0,0,1,1,0,1,0,1,1,0,0,0,1,1,1,0,0
0,0,0,0,1,1,1,1,1,1,1,1,1,1,0,1,1,1,1,0,1,0,0,0,0,1,1,0,0,0,0,1
0,0,1,1,0,1,1,1,1,1,1,0,0,1,1,1,0,0,0,0,1,1,0,0,0,1,0,1,0,0,0,1
0,1,1,0,0,1,1,1,1,1,1,0,1,1,0,1,1,0,1,1,1,0,1,1,1,1,1,1,1,1,0,0
0,0,0,1,0,0,1,1,1,1,1,1,0,0,1,1,0,1,1,1,0,1,1,1,0,0,0,0,1,1,0,0
1,0,1,1,1,1,1,1,1,1,1,0,1,1,1,0,1,0,1,1,0,0,0,0,0,0,0,1,0,0,1,0
0,0,1,0,0,1,1,1,1,1,1,1,0,0,1,0,1,1,1,1,1,1,0,0,0,1,0,0,0,0,1,1
1,0,1,0,0,1,1,1,1,1,1,0,1,1,0,0,0,1,0,1,0,1,1,1,0,1,0,0,1,1,1,0
0,1,0,0,1,0,1,1,1,1,1,1,1,0,1,1,1,1,1,1,1,1,1,0,1,1,1,0,0,0,1,0
0,0,0,1,0,1,1,1,1,1,1,1,0,1,0,1,1,0,0,0,1,1,1,1,0,0,1,0,1,1,0,1
1,0,1,0,0,1,1,1,1,1,1,0,0,1,0,1,0,1,0,0,0,1,1,0,1,0,0,1,1,1,0,0
0,1,1,0,1,0,1,1,1,1,1,0,1,0,0,1,1,1,1,0,1,1,1,1,1,0,0,0,0,0,1,1
0,0,1,1,1,0,1,1,1,1,1,0,1,0,0,1,0,1,1,1,1,0,1,0,1,1,0,0,0,0,1,1
1,0,0,1,1,0,1,1,1,1,1,1,1,1,1,0,1,0,0,1,0,0,1,1,0,1,1,0,0,0,1,0
1,0,1,0,1,0,1,1,1,1,1,1,1,1,1,1,1,0,1,1,0,1,1,1,0,0,0,0,0,0,1,1
1,1,1,1,1,0,1,1,1,1,1,0,1,1,1,0,0,0,1,1,1,1,1,1,0,0,0,0,1,1,0,1
0,1,0,0,1,0,1,1,1,1,1,0,1,0,1,1,1,1,1,0,1,1,1,0,1,1,1,0,0,0,0,1
0,0,1,1,1,1,1,1,1,1,1,0,1,0,1,1,0,1,0,0,0,0,1,0,0,0,1,1,1,1,1,0
1,0,0,0,0,1,1,1,1,1,1,1,1,0,1,1,1,0,0,0,1,1,1,1,1,0,1,0,0,0,1,1
1,0,0,0,0,1,1,1,1,1,1,0,0,0,0,1,0,1,1,1,0,0,1,1,1,0,1,1,0,0,1,1
0,1,1,0,1,0,1,1,1,1,1,1,1,0,1,1,1,1,1,0,0,1,1,0,1,1,0,0,1,1,0,0
1,1,1,0,1,1,1,1,1,1,1,1,1,0,0,1,0,1,1,0,1,0,1,1,1,0,0,0,1,1,1,0
1,0,0,1,1,0,1,1,1,1,1,0,0,1,1,0,1,1,0,1,0,0,1,0,1,0,0,0,1,1,0,0
1,0,1,0,1,0,1,1,1,1,1,0,1,0,0,1,0,1,1,1,1,1,1,1,1,1,0,1,0,0,1,1
1,0,1,1,1,1,1,1,1,1,1,0,0,0,1,1,1,1,0,1,1,1,1,0,0,1,1,1,0,0,1,1
0,1,0,0,0,0,1,1,1,1,1,1,1,0,0,0,0,1,0,0,1,1,1,0,0,0,0,0,1,1,1,0
0,0,1,0,0,1,1,1,1,1,1,1,1,1,0,1,0,0,1,1,1,1,1,0,0,0,0,0,0,0,0,0
1,0,1,0,1,1,1,1,1,1,1,0,0,0,1,1,0,0,1,1,0,0,1,0,0,1,1,1,1,1,1,0
0,1,0,0,0,0,1,1,1,1,1,0,1,1,0,1,1,0,0,1,1,1,1,0,0,0,1,0,1,1,1,0
0,0,0,1,1,0,1,1,1,1,1,0,1,0,0,0,1,0,1,1,1,1,1,0,0,1,0,0,1,1,0,0
1,0,0,1,0,1,1,1,1,1,1,0,1,0,0,0,0,1,1,0,1,1,1,0,0,0,1,0,1,1,1,1
0,0,1,0,0,0,1,1,1,1,1,1,0,0,1,0,0,1,0,1,0,0,1,1,1,0,0,1,1,1,1,1
1,0,0,1,1,0,1,1,1,1,1,1,1,1,0,1,0,0,0,0,0,0,1,1,0,1,0,1,1,1,0,1
0,0,0,0,0,1,1,1,1,1,1,0,1,1,1,1,1,0,0,1,1,0,1,0,1,0,0,0,1,1,1,0
1,1,1,0,0,1,1,1,1,1,1,1,0,0,1,0,1,0,0,0,0,1,1,0,1,1,0,1,0,0,0,0
0,0,0,1,0,1,1,1,1,1,1,1,0,1,0,0,0,0,0,1,1,1,1,1,0,1,0,1,0,0,1,0
1,0,0,1,0,0,1,1,1,1,0,0,0,0,0,1,1,0,0,0,0,1,1,1,0,0,0,0,0,0,1,1
0,0,0,1,0,1,1,1,1,1,0,0,1,1,0,0,1,1,0,0,1,1,1,0,0,0,1,1,1,1,0,1
0,1,1,1,1,0,1,1,1,1,0,0,1,1,0,1,1,0,0,1,1,1,1,0,1,0,0,0,0,0,1,0
1,1,1,1,1,1,1,1,1,1,0,0,0,0,1,0,0,1,1,0,1,0,1,1,1,0,1,1,0,0,0,1
1,0,1,1,0,0,0,0,1,1,0,1,1,1,1,0,1,1,0,0,1,1,1,1,1,1,0,1,1,1,0,1
1,0,1,0,0,0,1,1,1,1,0,0,1,1,0,0,0,1,0,0,1,0,1,1,1,1,0,1,1,1,0,0
1,0,1,1,1,1,1,1,1,1,0,0,1,0,0,0,0,0,0,1,1,1,1,0,1,0,1,0,1,1,0,1
0,1,1,0,0,1,0,0,1,1,0,1,0,1,1,0,0,0,1,1,1,1,1,1,0,1,1,0,0,0,0,0
1,1,0,1,1,1,0,0,1,1,0,1,0,0,1,1,0,0,0,1,0,0,1,1,1,0,0,0,0,0,0,0
0,0,0,0,0,0,0,0,1,1,0,1,1,1,1,0,0,1,1,1,1,0,1,1,0,0,0,0,1,1,1,1
1,0,0,1,1,0,1,1,1,1,0,0,1,0,0,0,0,0,0,0,0,1,1,0,1,0,1,1,1,1,0,1
0,0,1,1,0,1,1,1,1,1,0,1,1,0,1,1,0,1,1,0,1,1,1,1,0,0,1,0,0,0,0,1
0,0,0,0,0,0,1,1,1,1,0,0,0,1,1,1,1,1,1,0,1,1,1,1,0,0,0,1,0,0,1,1
1,1,0,1,0,1,1,1,1,1,0,0,1,1,0,0,0,0,0,0,0,0,1,0,0,0,1,1,0,0,0,0
1,1,0,0,0,0,0,0,1,1,0,1,1,0,1,0,1,1,1,0,0,1,1,1,1,1,1,0,1,1,0,1
1,0,1,1,0,0,1,1,1,1,0,1,0,0,1,0,0,0,0,0,0,1,1,1,0,0,0,1,1,1,0,1
1,1,1,1,0,0,0,0,1,1,0,0,1,1,1,0,0,1,0,1,1,0,1,0,0,0,1,1,0,0,1,0
1,1,1,0,0,1,0,0,1,1,0,1,0,1,0,0,1,0,0,1,1,1,1,0,0,1,0,1,0,0,1,1
0,1,0,1,1,1,0,0,1,1,1,1,1,0,0,0,1,1,0,0,0,0,1,1,1,0,0,0,0,0,0,1
1,1,1,1,0,0,1,1,1,0,0,0,1,1,0,0,1,0,1,0,0,0,1,1,1,0,0,1,0,0,0,0
1,0,0,0,1,1,0,0,1,0,0,0,0,1,1,1,1,1,1,1,0,0,1,1,1,1,0,0,1,1,1,1
0,0,1,0,1,1,0,0,1,0,0,0,0,1,1,1,1,1,1,1,0,1,1,1,0,0,0,1,0,0,1,1
1,0,0,0,0,1,0,0,1,0,0,1,1,0,1,0,1,0,1,1,0,0,1,1,0,0,0,0,0,0,0,0
0,0,1,0,0,0,0,0,1,0,0,0,0,1,1,0,0,0,1,0,0,0,1,0,1,0,1,0,1,1,0,0
0,1,0,0,0,1,0,0,1,1,1,0,1,1,0,0,0,0,0,1,0,0,1,0,1,0,0,1,0,0,0,0
0,0,1,0,1,0,1,1,1,0,0,0,1,0,1,0,1,0,1,0,0,1,1,1,0,1,0,0,0,0,0,1
1,1,0,0,0,0,0,0,1,1,1,1,1,1,0,1,0,1,0,0,0,0,1,0,1,1,1,0,0,0,1,1
0,1,0,0,0,0,0,0,1,0,0,1,0,0,1,0,0,1,1,1,0,0,1,1,1,1,0,1,0,0,0,0
0,1,0,0,1,0,0,0,1,1,1,0,0,1,1,1,1,1,0,1,1,1,1,0,0,0,1,1,0,0,0,1
1,0,0,0,0,1,1,1,1,0,0,0,0,1,1,1,0,0,1,1,0,1,1,1,1,0,1,0,1,1,1,0
0,0,1,0,0,1,1,1,1,1,1,0,1,0,0,0,1,1,1,1,0,1,1,1,1,0,1,1,0,0,1,0
1,0,1,1,0,1,0,0,1,0,0,1,0,0,0,1,1,0,0,0,1,1,1,0,1,1,1,0,0,0,0,0
0,0,1,0,1,1,0,0,1,1,1,0,1,0,1,0,1,1,1,1,1,0,1,0,0,0,1,0,0,0,0,1
0,0,1,1,1,1,0,0,1,0,0,0,1,0,1,0,0,1,0,1,1,1,1,1,0,0,0,1,1,1,1,0
1,0,1,0,1,1,1,1,1,1,1,0,1,0,1,1,0,1,0,1,1,1,1,0,0,1,0,0,1,1,1,1
0,0,1,0,1,0,1,1,1,0,0,1,0,0,1,0,0,0,0,1,0,0,1,0,0,0,1,0,0,0,1,0
0,0,1,0,1,1,0,0,1,0,0,1,1,1,0,0,1,1,1,0,0,1,1,1,0,0,1,1,1,1,1,1
0,1,1,0,1,1,1,1,1,0,0,1,1,0,0,0,1,1,0,0,0,0,1,0,0,0,0,0,0,0,1,0
0,1,0,0,1,1,1,1,1,0,0,1,0,1,0,0,0,1,0,1,1,0,1,0,1,0,0,1,1,1,1,0
1,0,0,0,1,1,0,0,1,0,0,0,1,1,0,1,1,0,1,1,0,0,1,0,1,1,1,1,0,0,1,1
0,0,0,1,0,1,0,0,1,0,0,1,0,1,1,0,1,1,0,1,0,1,1,1,1,1,1,0,1,1,1,0
0,0,0,0,1,0,1,1,1,0,0,1,0,0,0,1,0,0,0,0,1,0,1,1,0,0,1,0,1,1,1,1
1,0,1,1,1,0,0,0,1,0,0,0,0,1,0,0,0,1,0,0,0,0,1,1,1,1,0,1,0,0,1,0
1,1,1,0,1,0,1,1,1,1,1,0,1,0,1,1,1,1,1,1,1,1,1,1,0,1,0,1,0,0,1,1
1,0,0,1,0,0,1,1,1,0,0,1,0,0,0,0,1,1,0,1,0,1,1,1,1,0,0,0,1,1,0,1
1,0,0,0,0,1,1,1,1,0,0,1,1,0,0,0,0,0,1,0,1,0,1,1,0,0,1,1,1,1,0,0
0,1,0,0,0,0,1,1,1,0,0,0,1,0,0,1,0,0,1,0,1,0,1,0,1,0,0,0,0,0,0,1
1,1,1,0,0,1,1,1,1,1,1,0,0,1,1,0,0,1,1,0,0,1,1,1,0,0,0,1,1,1,0,1
0,1,0,0,1,0,0,0,1,1,1,1,1,0,0,0,1,0,0,0,1,1,1,0,0,1,0,1,1,1,1,1
0,1,0,1,1,1,1,1,1,0,0,1,0,0,0,0,0,0,0,0,1,0,1,0,1,0,1,0,1,1,1,0
1,1,0,1,1,1,0,0,1,1,1,0,0,0,1,1,0,1,1,1,0,0,1,1,1,1,0,1,1,1,1,0
1,1,1,0,0,1,1,1,1,1,1,1,1,1,0,1,0,1,1,0,1,1,1,0,0,1,0,1,0,0,1,1
1,0,1,1,1,1,1,1,1,0,0,1,1,0,1,1,1,1,0,1,1,0,1,0,1,0,1,1,0,0,1,1
0,0,1,0,0,1,1,1,1,1,1,1,0,0,0,1,1,0,1,1,0,0,1,1,0,1,0,1,1,1,0,0
0,1,1,0,1,1,1,1,1,1,1,0,0,0,0,1,0,1,1,0,0,1,1,0,0,0,0,0,0,0,1,1
1,1,1,0,1,1,1,1,1,0,0,1,0,1,1,1,1,1,1,0,1,1,1,1,0,1,0,1,0,0,1,0
0,1,1,0,0,1,0,0,1,1,1,1,1,0,1,1,1,1,1,0,1,0,1,1,1,1,0,1,1,1,0,0
0,0,0,0,1,1,0,0,1,0,0,1,0,1,0,0,1,1,0,0,0,0,1,1,1,0,0,1,1,1,1,0
1,0,0,0,0,1,1,1,1,0,0,0,0,1,0,1,1,1,0,0,0,1,1,0,0,1,0,1,1,1,0,1
1,0,1,1,0,0,0,0,1,1,1,0,0,0,0,1,1,1,0,1,0,1,1,0,1,0,0,0,0,0,0,0
0,0,0,0,1,0,1,1,1,1,1,0,1,0,1,0,1,0,0,0,0,0,1,0,1,0,0,0,0,0,0,1
0,1,1,0,1,0,1,1,1,1,1,1,1,1,1,1,1,0,1,1,0,0,1,1,0,1,0,0,0,0,1,1
1,0,0,1,1,0,1,1,1,1,1,1,0,1,1,0,0,1,0,1,0,1,1,0,1,1,1,1,0,0,1,0
0,1,0,1,1,0,1,1,1,1,1,1,1,1,0,0,0,0,0,0,0,1,1,0,1,1,0,1,0,0,0,1
1,1,0,0,1,0,0,0,1,1,1,0,1,0,0,0,0,0,0,0,0,0,1,1,0,0,0,1,1,1,1,0
0,1,1,1,1,0,0,0,1,1,1,1,0,1,0,0,1,0,1,1,0,1,1,1,0,1,1,0,0,0,0,0
0,0,1,1,1,0,0,0,1,0,0,1,1,0,1,0,0,1,1,1,1,0,1,1,0,1,0,0,0,0,0,0
0,0,1,1,1,0,0,0,1,1,1,1,0,0,1,1,1,0,0,0,1,1,1,1,1,0,1,0,0,0,1,1
1,0,0,0,0,1,1,1,1,0,0,0,1,0,1,1,1,1,1,0,0,0,1,1,0,0,0,0,0,0,1,1
1,1,1,0,0,1,1,1,1,1,1,1,0,0,1,1,1,1,1,1,1,0,1,1,1,1,1,1,0,0,1,1
0,0,1,0,1,1,1,1,1,0,0,0,0,1,0,0,1,1,1,0,1,1,1,1,1,0,0,0,1,1,1,1
0,1,0,0,0,1,0,0,1,0,0,1,1,1,1,0,1,0,0,0,1,1,1,0,1,1,1,1,0,0,0,0
0,0,1,0,1,0,0,0,1,0,0,0,1,0,0,1,1,1,1,0,1,0,1,1,1,0,1,1,1,1,1,0
1,0,1,1,0,0,0,0,1,0,0,1,0,0,1,0,1,1,0,1,1,0,1,1,1,1,1,0,0,0,0,1
0,1,1,1,1,0,1,1,1,1,1,1,0,1,1,1,0,0,1,0,1,0,1,1,0,0,0,1,0,0,1,1
1,0,1,1,1,1,1,1,1,0,0,0,0,1,1,1,1,0,0,1,1,0,1,0,0,0,1,0,0,0,0,1
0,1,1,0,0,0,0,0,1,1,1,0,0,0,0,1,1,0,1,1,0,0,1,0,1,1,1,1,1,1,1,0
0,0,0,1,1,0,1,1,1,1,1,0,1,0,1,0,0,0,1,0,0,0,1,0,1,0,0,1,0,0,0,0
0,1,0,1,0,1,0,0,1,0,0,0,1,1,1,0,1,1,1,1,0,0,1,1,1,1,0,1,0,0,0,0
1,1,1,1,0,0,1,1,1,0,0,0,0,0,1,1,1,0,0,1,0,1,1,1,0,1,0,0,1,1,1,0
0,1,0,1,1,1,0,0,1,0,0,1,0,1,1,0,0,1,1,0,0,0,1,1,0,0,1,0,1,1,0,1
1,1,0,1,1,1,1,1,1,0,0,0,0,1,0,1,0,0,1,1,1,1,1,0,0,1,1,1,1,1,0,1
1,0,1,1,1,0,0,0,1,0,0,0,1,1,1,1,0,1,1,0,0,0,1,1,0,1,1,1,0,0,0,1
1,0,0,0,0,1,1,1,1,1,1,1,0,1,1,1,0,1,0,0,0,1,1,0,0,1,0,0,1,1,0,1
0,1,0,1,0,0,1,1,1,0,0,1,1,0,0,0,1,1,0,0,1,0,1,1,0,1,1,1,0,0,0,1
1,1,0,1,0,0,1,1,1,0,0,1,0,1,1,0,1,0,1,1,1,1,1,0,1,1,1,1,1,1,0,1
0,1,0,0,0,1,1,1,1,0,0,1,1,0,0,0,1,1,0,1,1,1,1,0,0,1,0,0,1,1,1,0
1,1,0,1,0,1,0,0,1,0,0,0,1,0,1,0,1,0,0,1,1,0,1,1,0,0,1,1,1,1,0,1
0,0,1,1,1,1,0,0,1,1,1,0,1,1,1,1,0,0,1,1,1,0,1,0,0,0,0,0,0,1,1,1
1,1,1,1,1,0,0,0,1,1,1,0,1,0,1,1,1,0,0,1,0,1,1,1,0,1,1,1,0,1,0,0
1,1,1,1,1,0,0,0,1,1,1,0,1,1,0,1,0,0,1,0,0,1,1,1,0,0,0,1,1,1,1,1
0,1,0,0,1,0,0,0,1,1,1,1,1,1,1,1,1,1,0,0,1,0,1,0,0,0,1,0,0,1,0,0
0,1,0,0,0,1,1,1,1,0,0,1,0,1,0,0,1,0,0,1,1,1,1,1,0,0,1,0,1,1,0,0
0,1,0,0,0,0,0,0,1,0,0,1,1,0,1,0,1,1,0,0,0,0,1,1,1,0,0,0,1,1,0,1
1,0,1,1,0,1,0,0,1,0,0,1,0,1,1,1,0,0,0,0,1,0,1,0,1,1,0,1,1,1,1,1
0,1,1,0,1,0,0,0,1,1,1,1,1,0,1,0,0,1,0,1,1,0,1,1,0,0,0,1,0,1,0,0
1,1,0,0,1,1,1,1,1,0,0,1,0,1,0,0,1,0,1,1,1,0,1,0,0,0,0,1,1,1,1,0
0,0,0,0,0,1,0,0,1,0,0,1,0,0,1,1,0,1,0,1,1,0,1,0,0,0,1,0,1,1,1,1
0,1,1,1,1,1,1,1,1,1,1,0,1,1,1,0,0,1,1,0,1,0,1,0,1,0,1,0,1,1,0,1
0,1,0,0,1,0,0,0,1,1,1,0,0,1,1,1,0,1,0,1,0,0,1,0,0,0,1,0,1,1,0,1
0,0,1,0,0,1,1,1,1,1,1,0,1,1,0,0,0,0,1,1,0,0,1,0,0,1,1,1,0,1,1,1
1,1,1,1,1,1,1,1,1,0,0,0,1,0,0,1,0,0,0,1,0,1,1,1,0,1,0,0,1,1,1,0
1,1,1,0,1,1,1,1,1,0,0,0,0,1,0,0,0,1,0,1,0,1,1,0,1,0,1,0,0,1,0,0
0,1,1,1,1,0,1,1,1,0,0,0,1,0,0,1,0,1,0,0,0,1,1,1,0,1,0,0,0,1,1,1
0,1,0,1,0,1,1,1,1,1,1,0,1,1,0,1,1,0,0,0,1,1,1,1,0,0,1,0,1,1,1,1
0,1,0,0,0,0,0,0,1,1,1,1,1,0,1,1,0,1,1,0,0,0,1,0,1,0,0,0,1,1,0,1
0,0,1,1,1,0,1,1,1,0,0,0,1,1,1,1,1,1,0,0,0,0,1,1,0,0,0,0,0,1,1,1
0,1,0,1,0,1,1,1,1,1,1,0,1,0,0,0,1,0,0,0,1,0,1,0,0,1,1,1,1,1,1,0
1,0,0,1,0,0,0,0,1,0,0,1,0,0,0,1,0,0,0,1,0,0,1,1,1,1,1,1,0,1,0,1
0,1,0,0,1,1,0,0,1,0,0,0,1,1,0,1,1,0,1,0,0,0,1,1,0,0,0,0,1,1,0,0
1,1,1,0,1,1,0,0,1,1,1,0,0,1,1,0,0,0,1,1,1,1,1,1,0,0,1,0,1,1,0,0
1,1,0,0,1,1,1,1,1,1,1,1,0,1,0,1,0,1,1,1,0,0,1,1,0,0,0,0,1,1,1,1
1,1,0,1,0,1,1,1,1,1,1,0,1,0,1,1,1,0,1,0,0,0,1,1,0,0,1,0,1,1,1,1
1,1,1,1,0,1,1,1,1,0,0,0,0,1,0,0,0,1,0,1,0,0,1,0,0,1,1,0,0,1,0,0
0,0,1,1,1,0,0,0,1,0,0,1,1,0,0,0,0,0,1,1,0,0,1,1,0,1,1,0,1,1,1,1
1,0,0,0,0,1,0,0,1,0,0,0,0,1,1,0,1,0,1,1,0,0,1,1,1,1,1,1,0,1,1,1
1,0,1,0,0,1,1,1,1,1,1,0,1,0,1,0,1,0,1,1,0,1,1,1,1,1,0,1,1,1,0,0
0,0,0,0,0,1,1,1,1,0,0,0,1,0,0,0,1,0,0,1,0,0,1,0,0,0,1,0,0,1,0,1
0,0,1,1,0,1,0,0,1,0,0,0,0,0,1,0,1,1,1,0,0,0,1,1,0,1,0,1,0,1,1,0
1,0,0,1,0,1,0,0,1,1,1,1,0,0,1,1,0,0,0,0,1,1,1,1,0,1,1,0,1,1,1,0
1,1,0,1,1,0,0,0,1,1,1,0,1,0,0,0,0,1,1,0,1,0,1,0,0,0,1,1,1,1,0,1
0,1,0,0,0,1,0,0,1,1,1,0,1,1,1,1,1,1,0,1,0,0,1,1,1,1,0,1,1,1,1,1
0,0,1,0,0,0,0,0,1,1,1,1,1,1,0,1,1,1,0,0,0,1,1,1,1,0,1,0,1,1,1,0
0,1,0,1,1,1,0,0,1,0,0,1,0,1,0,1,1,0,0,1,0,1,1,1,1,1,1,1,1,1,0,0
1,0,0,1,0,1,0,0,1,1,1,0,1,1,0,0,1,1,1,1,0,1,1,1,0,0,0,0,0,1,0,1
0,1,0,0,0,1,0,0,1,1,1,1,1,0,0,0,0,0,0,1,1,1,1,0,0,1,1,1,1,1,0,1
0,0,0,1,0,1,0,0,1,0,0,0,0,0,1,0,1,0,0,0,0,1,1,1,0,1,0,0,1,1,1,0
0,1,1,0,0,1,0,0,1,1,1,1,1,1,0,0,1,1,1,1,0,1,1,0,1,1,1,1,0,1,1,0
0,1,0,0,1,0,0,0,1,0,0,1,0,0,0,1,0,0,1,0,0,0,1,1,0,1,1,0,0,1,1,1
1,0,1,1,1,0,1,1,1,0,0,0,0,0,1,1,0,0,1,1,0,1,1,1,1,1,1,0,1,1,1,1
1,0,0,0,1,0,0,0,1,0,0,0,1,0,1,1,0,1,1,1,1,1,1,1,1,0,1,0,1,1,1,1
0,0,0,0,1,0,1,1,1,0,0,1,1,1,1,0,1,1,0,1,1,0,1,0,0,0,0,0,0,1,1,1
0,0,0,1,0,1,1,1,1,0,0,1,0,0,1,1,1,1,1,0,0,1,1,1,0,0,0,0,0,1,1,1
1,0,0,0,1,1,1,1,1,1,1,1,0,0,1,0,0,0,0,0,1,0,1,1,0,1,1,1,1,1,1,1
0,0,0,1,1,0,0,0,1,1,1,1,0,0,1,1,1,1,1,1,1,1,1,0,1,1,1,0,0,0,0,0
1,1,1,0,0,1,0,0,1,0,0,0,1,0,1,1,1,0,0,0,1,1,1,1,0,0,1,0,1,1,1,0
1,0,1,0,1,1,1,1,1,0,0,0,0,1,0,0,1,1,1,0,1,1,1,0,0,0,1,1,1,1,1,0
0,0,0,0,0,1,0,0,1,1,1,1,1,1,0,0,1,0,1,1,0,1,1,1,0,1,0,1,0,0,0,0
1,1,1,1,1,1,0,0,1,0,0,1,1,0,1,0,0,0,0,0,1,0,1,0,0,1,0,1,1,1,1,1
1,1,1,1,1,0,1,1,1,1,1,1,0,0,0,0,0,0,0,0,1,1,1,0,0,0,1,1,0,0,0,0
0,0,0,0,1,0,0,0,1,1,1,1,1,0,1,1,1,0,1,1,0,1,1,0,1,1,1,0,0,0,0,1
1,0,0,1,1,1,0,0,1,1,1,0,1,0,1,1,0,0,1,0,0,0,1,1,1,0,1,0,0,0,1,1
1,0,0,1,1,0,0,0,1,1,1,1,0,0,0,1,0,1,1,0,0,0,1,0,0,1,1,1,0,0,0,0
1,1,0,0,1,0,0,0,1,1,1,0,1,1,0,1,1,1,0,1,0,0,1,1,1,1,1,1,1,1,0,0
1,0,0,0,1,1,1,1,1,0,0,1,0,0,0,1,1,1,0,0,0,1,1,0,1,1,0,0,0,0,0,0
1,0,0,1,1,0,1,1,1,0,0,1,0,0,1,1,0,1,0,1,1,0,1,1,0,0,1,1,0,0,0,0
0,1,0,1,1,1,0,0,1,0,0,1,0,1,1,0,0,1,0,0,1,1,1,1,0,0,1,0,1,1,1,0
1,1,1,0,0,1,0,0,1,0,0,1,0,1,1,0,1,0,1,0,0,1,1,1,0,1,1,1,1,1,1,1
0,1,1,0,0,1,0,0,1,0,0,1,1,0,1,0,0,0,0,1,0,1,1,1,1,1,0,1,0,0,0,0
0,1,0,1,0,0,0,0,1,1,1,1,1,0,1,1,0,1,0,1,1,1,1,1,1,1,0,1,1,1,1,0
0,0,0,1,0,0,1,1,1,1,1,0,0,1,1,0,0,0,0,1,1,0,1,0,0,1,0,0,1,1,1,0
1,0,0,0,0,0,1,1,1,0,0,1,1,1,0,0,1,1,1,1,1,0,1,0,0,0,0,0,0,0,0,0
0,0,1,0,0,0,1,1,1,0,0,0,1,1,1,0,0,1,1,1,0,0,1,1,1,1,1,0,0,0,1,1
0,0,1,1,1,0,1,1,1,1,1,0,0,0,0,0,1,1,0,0,1,1,1,1,1,1,0,1,0,0,0,0
0,0,1,0,1,1,0,0,1,1,1,0,0,0,1,0,1,0,0,0,1,0,1,0,0,0,0,0,0,0,1,0
1,1,1,1,1,1,0,0,1,0,0,1,1,1,1,1,0,1,1,0,1,0,1,1,0,1,0,0,0,0,0,0
0,0,1,0,1,0,0,0,1,1,1,0,1,1,1,0,1,1,0,1,0,0,1,1,1,1,0,1,1,1,1,1
0,0,1,1,1,1,1,1,1,0,0,1,0,0,0,1,1,0,1,1,0,1,1,1,0,1,1,0,0,0,0,1
1,1,1,0,1,1,1,1,1,0,0,0,0,1,0,0,1,0,0,1,0,1,1,1,1,0,0,1,0,0,0,0
1,1,0,0,1,0,0,0,1,1,1,0,0,1,1,0,1,0,0,1,0,0,1,0,1,1,0,1,1,1,1,1
0,0,0,0,0,1,1,1,0,0,0,0,1,1,1,1,1,0,1,1,1,1,1,1,0,0,1,1,1,1,1,1
1,0,0,1,0,0,0,0,0,0,0,1,0,1,1,1,0,1,1,0,0,1,1,0,0,0,1,0,1,1,0,1
0,1,1,0,0,1,1,1,0,1,1,1,1,0,1,1,0,0,0,0,0,0,1,1,0,1,0,1,0,0,1,0
1,1,1,0,0,0,0,0,0,1,1,0,1,1,1,0,0,1,1,0,1,1,1,1,1,0,0,0,0,0,0,0
1,0,0,1,1,0,0,0,0,0,0,1,1,1,0,1,0,1,1,0,0,0,1,1,1,1,0,1,1,1,0,0
0,0,1,0,1,0,1,1,0,1,1,1,1,1,1,1,0,0,0,1,0,0,1,0,0,1,1,0,1,1,0,0
0,0,1,0,1,1,0,0,1,0,0,0,0,1,0,0,1,1,1,1,1,1,1,0,0,0,0,0,1,1,0,1
0,1,0,1,1,1,1,1,1,0,0,0,1,1,1,1,0,1,0,0,1,1,1,1,1,1,1,1,1,1,1,0
0,0,0,0,1,1,0,0,1,1,1,1,1,1,1,0,0,0,1,0,0,1,1,1,0,1,1,0,1,1,1,1
0,0,1,1,0,0,0,0,1,1,1,1,1,1,0,1,0,0,0,0,1,0,1,0,1,0,0,1,0,1,1,0
0,0,1,1,0,0,0,0,1,1,1,0,1,0,0,0,0,0,0,1,0,0,1,1,0,1,0,0,0,1,1,1
1,0,0,0,0,1,0,0,1,1,1,1,0,1,0,0,1,1,1,1,1,1,1,1,0,0,0,1,1,1,1,1
1,1,1,1,0,1,0,0,1,1,1,1,1,0,0,1,1,1,0,1,1,1,1,0,0,1,1,0,1,1,1,1
1,0,1,1,0,1,0,0,1,1,1,1,0,0,0,0,0,1,1,1,0,1,1,1,0,1,0,0,1,1,0,0
0,1,1,0,0,1,1,1,0,1,1,1,1,0,1,1,0,0,0,1,1,0,1,1,0,0,0,1,0,1,1,1
1,1,1,0,1,1,0,0,1,1,1,1,1,0,1,0,1,1,0,0,0,1,1,1,1,1,1,0,0,1,0,0
1,0,0,1,1,1,1,1,0,1,1,0,0,0,1,0,1,0,1,0,1,1,1,1,1,1,1,1,1,1,0,0
1,0,1,1,1,0,0,0,1,1,1,0,0,1,1,0,1,1,0,1,1,1,1,1,0,1,1,1,0,1,1,1
1,0,1,0,1,0,1,1,1,1,1,0,1,0,0,1,0,0,1,1,0,1,1,1,1,0,1,0,0,1,1,1
1,0,0,1,1,1,1,1,0,1,1,1,0,0,1,1,0,0,0,0,1,1,1,1,1,1,0,1,1,1,0,0
1,0,1,0,1,0,1,1,0,1,1,1,1,0,0,1,0,0,0,1,1,0,1,1,0,0,0,0,1,1,1,1
0,1,1,0,1,0,1,1,1,1,1,0,1,1,0,0,1,0,0,0,0,0,1,0,0,1,0,1,0,1,0,1
0,0,1,0,0,1,0,0,1,1,1,1,1,0,0,0,1,1,1,1,0,1,1,1,0,0,0,1,0,1,1,1
1,1,0,1,1,0,1,1,1,1,1,1,0,1,1,1,0,1,0,0,1,1,1,0,0,1,0,1,0,1,1,1
0,0,1,1,1,1,0,0,0,1,1,1,0,1,0,1,1,0,0,1,0,0,1,0,1,0,0,1,0,1,0,1
0,1,0,0,0,1,0,0,0,1,1,0,1,0,1,0,1,0,0,0,0,0,0,0,1,0,1,0,0,1,1,1
0,0,0,1,0,1,0,0,0,1,1,0,0,1,1,0,1,0,0,0,0,1,1,1,1,0,0,0,1,1,1,1
0,0,0,0,0,0,0,0,0,1,1,1,1,1,1,1,0,1,1,1,1,1,0,0,0,0,0,1,1,1,1,0
0,0,0,1,0,1,1,1,1,1,1,0,1,1,0,0,1,1,0,0,0,0,0,0,0,1,1,0,0,1,1,1
0,1,1,0,1,1,1,1,0,1,1,1,1,1,1,0,0,0,1,0,0,0,0,0,0,1,1,1,0,1,1,0