CustomerID,Monthly Charges,Total Charges,Age,Tenure Months,Senior Citizen,Multiple Lines,Unlimited Data,Online Security,Online Backup,Device Protection,Tech Support,Streaming TV,Streaming Movies,Partner,Partner_cat
0013-EXCHZ,83.9,267.4,75,3,1,0,1,0,0,0,1,1,0,1,Yes
0017-IUDMW,116.8,8456.75,25,72,0,1,1,1,1,1,1,1,1,1,Yes
0021-IKXGC,72.1,72.1,72,1,1,1,1,0,0,0,0,0,0,0,No
0023-XUOPT,94.1,1215.6,26,13,0,1,1,0,1,1,0,1,0,1,Yes
0060-FUALY,94.75,5597.65,60,59,0,1,1,1,1,0,0,1,0,1,Yes
0080-OROZO,99.25,3532,38,35,0,0,1,0,0,1,1,1,1,0,No
0082-OQIQY,94.2,2607.6,50,29,0,0,0,0,0,0,1,1,1,0,No
0100-DUVFC,104.8,7308.95,66,70,1,1,1,0,1,1,0,1,1,1,Yes
0107-YHINA,99.75,99.75,59,1,0,1,1,0,0,1,0,1,1,0,No
0114-PEGZZ,107.55,3645.5,39,33,0,1,1,0,1,1,0,1,1,0,No
0118-JPNOY,85.8,2193.65,71,26,1,0,1,1,0,0,0,1,0,0,No
0122-OAHPZ,73.85,511.25,29,7,0,1,1,0,0,0,0,0,0,0,No
0125-LZQXK,101.35,1553.95,42,15,0,0,1,0,0,1,1,1,1,0,No
0130-SXOUN,89.4,5976.9,55,66,0,1,0,0,1,0,0,0,1,0,No
0135-NMXAP,89.75,1052.4,57,12,0,1,1,0,1,0,0,1,0,0,No
0137-OCGAB,80.2,80.2,25,1,0,1,1,0,1,0,0,0,0,0,No
0147-ESWWR,101.25,3949.15,73,39,1,1,1,0,0,0,1,1,1,1,Yes
0168-XZKBB,86.85,1564.4,34,19,0,1,1,0,0,0,0,1,0,1,Yes
0177-PXBAT,109.9,3694.7,78,33,1,1,1,1,0,1,1,1,1,1,Yes
0178-SZBHO,87.2,4017.45,54,47,0,1,1,0,1,0,0,1,0,1,Yes
0181-RITDD,108.15,6825.65,42,62,0,0,1,1,1,1,1,1,1,1,Yes
0187-QSXOE,89,605.45,71,7,1,0,1,0,0,0,0,1,1,1,Yes
0195-IESCP,85.25,855.3,26,10,0,1,0,0,0,0,0,0,1,1,Yes
0197-PNKNK,84.45,5848.6,47,69,0,1,0,1,0,1,0,0,0,1,Yes
0215-BQKGS,84.3,2438.6,52,30,0,0,0,1,1,1,0,0,0,0,No
0219-YTZUE,84.8,371.9,26,4,0,1,1,0,1,1,0,0,0,1,Yes
0231-LXVAP,75.9,75.9,23,1,0,0,1,0,0,0,1,0,0,0,No
0254-FNMCI,109.9,7624.2,19,72,0,0,1,1,1,1,1,1,1,0,No
0256-LTHVJ,81.05,2227.1,58,28,0,0,1,0,0,0,0,0,1,1,Yes
0258-NOKBL,90.4,268.45,22,3,0,0,1,0,1,1,0,0,1,0,No
0265-PSUAE,100.7,1522.7,57,16,0,0,1,1,0,1,0,1,1,1,Yes
0266-CLZKZ,105.65,6717.9,45,67,0,1,1,0,0,1,1,1,1,1,Yes
0266-GMEAO,114.3,8058.55,43,72,0,1,1,1,1,1,1,1,1,1,Yes
0295-PPHDO,95.45,95.45,56,1,0,1,1,0,0,0,0,1,1,0,No
0306-JAELE,96.1,453.4,61,5,0,0,1,0,0,0,1,1,1,0,No
0310-MVLET,99.15,6010.05,63,61,0,1,1,0,1,0,0,1,1,1,Yes
0311-UNPFF,88.8,2274.35,58,26,0,0,0,0,0,0,0,1,1,0,No
0318-QUUOB,80.55,80.55,25,1,0,0,0,0,0,0,0,1,0,1,Yes
0320-DWVTU,99.5,5424.25,46,53,0,0,1,1,1,1,1,0,1,0,No
0324-BRPCJ,100.2,6851.65,74,68,1,1,1,0,1,0,0,1,1,1,Yes
0325-XBFAC,94.7,740.3,44,8,0,0,0,0,0,1,0,1,1,0,No
0328-GRPMV,70.1,70.1,43,1,0,0,1,0,0,0,0,0,0,0,No
0345-HKJVM,89.3,577.6,43,6,0,0,1,0,0,0,0,1,1,0,No
0345-XMMUG,108.9,4854.3,29,46,0,1,1,0,1,1,1,1,1,1,Yes
0376-OIWME,93.6,3366.05,24,36,0,0,1,1,0,0,0,1,1,1,Yes
0378-CJKPV,112.1,7965.95,56,72,0,1,1,1,1,1,1,1,1,1,Yes
0388-EOPEX,74.4,139.4,28,2,0,0,1,1,0,0,0,0,0,1,Yes
0390-DCFDQ,70.45,70.45,76,1,1,0,1,0,0,0,0,0,0,1,Yes
0392-BZIUW,105,7589.8,44,72,0,1,1,1,0,1,0,1,1,1,Yes
0396-YCHWO,95.4,3474.2,58,36,0,1,1,0,0,0,0,1,1,1,Yes
0409-WTMPL,110.65,6526.65,35,58,0,1,1,1,1,1,0,1,1,1,Yes
0422-UXFAP,98.85,4947.55,34,51,0,1,0,0,0,1,0,1,1,1,Yes
0428-IKYCP,87,1850.65,56,22,0,0,1,0,0,1,0,1,0,1,Yes
0431-APWVY,90.1,2598.95,37,28,0,0,1,0,0,0,0,1,1,1,Yes
0434-CSFON,100.5,4707.1,34,47,0,1,1,0,0,1,0,1,1,1,Yes
0439-IFYUN,74.7,1294.6,78,18,1,0,0,0,1,0,0,0,0,0,No
0442-ZXKVS,115.6,6431.05,79,54,1,1,1,1,1,1,1,1,1,1,Yes
0455-XFASS,69.55,200.2,61,3,0,0,1,0,0,0,0,0,0,1,Yes
0461-CVKMU,83.8,1900.25,45,23,0,0,1,0,1,1,1,0,0,1,Yes
0468-YRPXN,98.8,2807.1,62,29,0,0,1,0,0,1,1,1,1,0,No
0471-ARVMX,104.85,6312.9,70,62,1,1,1,1,0,1,0,1,1,1,Yes
0480-BIXDE,96.8,1743.05,58,19,0,0,1,0,0,1,0,1,1,1,Yes
0495-RVCBF,79.7,79.7,39,1,0,0,1,0,0,0,0,0,1,0,No
0495-ZBNGW,79.9,343.95,78,5,1,1,0,0,0,1,0,0,0,1,Yes
0508-OOLTO,71.65,135.75,33,2,0,0,1,0,0,0,0,0,0,1,Yes
0516-OOHAR,100.35,2799,39,28,0,0,1,0,1,1,0,1,1,1,Yes
0524-IAVZO,85,2624.25,25,30,0,1,1,0,0,0,0,0,1,1,Yes
0537-QYZZN,79.85,1857.75,66,24,1,1,1,1,0,0,0,0,0,1,Yes
0564-JJHGS,95.5,829.1,45,9,0,1,1,0,0,0,0,1,1,0,No
0570-BFQHT,80.55,653.9,38,9,0,0,1,0,1,1,0,0,0,0,No
0577-WHMEV,90.7,1374.9,19,16,0,1,1,1,1,1,0,0,0,1,Yes
0578-SKVMF,83.3,1845.9,23,22,0,0,1,0,1,0,0,0,1,1,Yes
0580-PIQHM,101.6,3930.55,21,41,0,1,1,1,1,1,0,0,1,1,Yes
0581-MDMPW,88.95,2072.75,63,24,0,1,1,0,0,1,0,1,0,0,No
0596-BQCEQ,100.15,6283.3,32,62,0,0,1,0,1,1,0,1,1,1,Yes
0599-XNYDO,69.8,1540.35,51,20,0,0,1,0,0,0,0,0,0,1,Yes
0618-XWMSS,74.9,2068.55,60,28,0,0,1,1,0,0,0,0,0,0,No
0619-OLYUR,111.9,8071.05,32,72,0,1,1,1,0,1,1,1,1,1,Yes
0621-HJWXJ,81.55,5029.05,54,63,0,1,1,0,1,0,0,0,0,1,Yes
0634-SZPQA,90.05,2169.8,64,23,0,1,1,1,0,0,0,1,0,0,No
0637-KVDLV,76.5,162.45,30,2,0,1,1,0,0,0,0,0,0,0,No
0637-UBJRP,84.05,1095.3,40,13,0,0,1,1,0,0,0,0,1,1,Yes
0639-TSIQW,102.95,6886.25,28,67,0,1,1,1,1,1,0,1,0,0,No
0643-OKLRP,80.35,3825.85,73,47,1,1,0,1,0,0,0,0,0,1,Yes
0644-OQMDK,70.65,293.85,69,4,1,0,1,0,0,0,0,0,0,0,No
0665-XHDJU,99.4,7285.7,21,72,0,1,1,0,1,0,0,1,1,1,Yes
0670-ANMUU,97.65,6687.85,47,71,0,1,1,1,0,0,1,0,1,0,No
0675-NCDYU,116.4,8543.25,61,72,0,1,1,1,1,1,1,1,1,1,Yes
0679-IDSTG,69.25,69.25,73,1,1,0,1,0,0,0,0,0,0,1,Yes
0689-NKYLF,83.2,1060.6,42,13,0,0,1,0,0,1,0,1,0,0,No
0691-IFBQW,110,4874.8,65,46,1,1,1,1,1,1,0,1,1,0,No
0691-JVSYA,94.85,5000.2,24,53,0,0,1,0,0,1,0,1,1,1,Yes
0691-NIKRI,105.95,4335.2,41,40,0,1,1,0,0,1,1,1,1,0,No
0702-PGIBZ,101.7,364.55,28,4,0,1,1,0,1,0,0,1,1,0,No
0709-TVGUR,74.55,622.9,70,9,1,1,1,0,0,0,0,0,0,0,No
0716-BQNDX,93.75,5625.55,77,57,1,1,1,1,0,0,1,0,1,0,No
0723-DRCLG,74.45,74.45,73,1,1,1,0,0,0,0,0,0,0,1,Yes
0727-BNRLG,97.65,6743.55,41,69,0,1,1,0,1,1,1,1,0,0,No
0727-IWKVK,79.9,741.7,35,9,0,0,1,0,1,1,0,0,0,1,Yes
0786-IVLAW,108.1,7238.6,72,66,1,1,1,0,1,1,0,1,1,0,No
0793-TWELN,80.15,319.85,27,4,0,1,1,1,0,0,0,0,0,0,No
0815-MFZGM,99,4135,54,42,0,0,1,0,0,1,1,1,1,1,Yes
0818-OCPZO,81.45,2122.05,80,27,1,1,1,0,1,0,0,0,0,0,No
0829-XXPLX,89.4,1871.15,48,20,0,0,1,1,0,1,0,1,0,0,No
0853-NWIFK,100.3,4483.95,27,45,0,0,1,1,1,0,0,1,1,0,No
0862-PRCBS,103.75,7039.45,32,68,0,1,1,0,1,0,1,1,1,1,Yes
0864-FVJNJ,113.35,7222.75,63,64,0,1,0,1,1,1,1,1,1,1,Yes
0868-VJRDR,104.05,6605.55,61,64,0,0,1,1,1,0,1,1,1,1,Yes
0876-WDUUZ,85.4,425.9,62,5,0,0,1,0,0,0,1,0,1,0,No
0887-WBJVH,93.45,4872.2,29,53,0,0,1,0,0,0,1,1,1,1,Yes
0895-DQHEW,104.3,5278.15,47,54,0,1,1,0,1,1,0,1,1,1,Yes
0897-FEGMU,99.5,1056.95,43,11,0,1,1,0,0,1,0,1,1,1,Yes
0899-WZRSD,105.35,5794.45,31,56,0,1,1,1,0,0,1,1,1,0,No
0906-QVPMS,115.15,8349.45,29,72,0,1,1,1,1,1,1,1,1,1,Yes
0907-HQNTS,113,7987.6,74,70,1,1,1,1,1,1,1,1,1,1,Yes
0925-VYDLG,75.25,242,40,3,0,1,1,0,0,0,0,0,0,0,No
0939-YAPAF,100.25,3527.6,44,35,0,1,1,0,0,1,0,1,1,0,No
0943-ZQPXH,92.95,4122.9,46,44,0,0,1,0,0,1,0,1,1,1,Yes
0947-MUGVO,73.65,1463.5,71,20,1,0,1,0,1,0,0,0,0,1,Yes
0956-ACVZC,94.1,5060.9,23,54,0,0,0,0,0,1,0,1,1,0,No
0958-YHXGP,69.9,497.3,25,7,0,0,1,0,0,0,0,0,0,0,No
0959-WHOKV,99,4298.45,28,42,0,1,1,1,1,1,0,0,1,0,No
0970-ETWGE,89.55,89.55,38,1,0,0,1,0,0,0,0,1,1,0,No
1004-NOZNR,94.8,5264.3,71,56,1,0,1,1,0,0,0,1,1,0,No
1010-DIAUQ,96.5,492.55,54,5,0,0,1,0,0,1,0,1,1,0,No
1016-DJTSV,69.7,572.85,66,8,1,0,1,0,0,0,0,0,0,0,No
1020-JPQOW,90.55,5116.6,63,56,0,1,0,0,1,1,1,0,0,1,Yes
1035-IPQPU,103.5,6479.4,77,63,1,1,1,0,1,1,0,1,1,1,Yes
1043-UXOVO,113.15,7993.3,25,71,0,1,1,1,1,1,1,1,1,0,No
1047-NNCBF,70.55,1493.55,56,20,0,0,0,0,0,0,0,0,0,0,No
1062-LHZOD,69.9,69.9,49,1,0,0,1,0,0,0,0,0,0,1,Yes
1069-XAIEM,85.05,85.05,68,1,1,1,1,0,0,0,0,0,1,0,No
1075-BGWOH,98.75,1587.55,69,16,1,1,1,0,0,1,0,1,1,1,Yes
1077-HUUJM,71.05,472.65,48,7,0,0,0,0,0,0,0,0,0,0,No
1092-GANHU,76.65,1313.55,62,17,0,0,1,0,0,1,0,0,0,0,No
1095-JUDTC,95.05,4504.55,78,47,1,1,1,0,1,0,1,1,0,0,No
1096-ADRUX,74.25,4859.25,34,66,0,1,1,0,0,0,0,0,0,1,Yes
1104-TNLZA,105.8,2998,67,28,1,1,1,0,1,0,1,1,1,1,Yes
1110-KYLGQ,108.25,6780.1,46,63,0,1,1,1,1,1,0,1,1,0,No
1112-CUNAO,89.85,1424.95,67,15,1,1,1,0,1,0,0,0,1,0,No
1116-DXXDF,100.45,3801.7,38,39,0,0,1,1,0,1,0,1,1,0,No
1122-JWTJW,70.65,70.65,64,1,0,0,1,0,0,0,0,0,0,1,Yes
1135-HIORI,111.45,7266.95,48,64,0,1,1,0,1,1,1,1,1,1,Yes
1142-IHLOO,87.55,4475.9,36,51,0,0,1,0,0,0,0,1,1,0,No
1150-FTQGN,94.15,5811.8,35,60,0,1,1,1,1,0,0,1,0,1,Yes
1150-WFARN,108.75,7156.2,59,67,0,1,1,1,0,1,1,1,1,1,Yes
1162-ECVII,109.75,7932.5,66,72,1,1,0,0,1,1,1,1,1,1,Yes
1163-VIPRI,109.3,7337.55,22,65,0,1,1,1,0,1,1,1,1,1,Yes
1169-SAOCL,106.65,5168.1,45,49,0,1,0,0,1,0,1,1,1,0,No
1169-WCVAK,88.8,1672.35,42,19,0,1,1,1,1,0,1,0,0,1,Yes
1173-NOEYG,90.15,2423.4,25,27,0,1,1,0,0,1,0,0,1,1,Yes
1173-XZPYF,89.2,990.3,60,11,0,1,1,0,0,1,0,1,0,0,No
1193-RTSLK,83.9,3233.6,26,38,0,0,1,1,1,1,0,0,0,0,No
1215-FIGMP,89.9,5450.7,27,60,0,1,1,0,1,0,0,1,0,0,No
1219-NNDDO,76.85,663.55,51,9,0,1,1,0,0,0,0,0,0,0,No
1228-FZFRV,105.95,5341.8,37,50,0,1,1,1,0,1,0,1,1,1,Yes
1254-IZEYF,99.95,3186.65,74,31,1,1,1,0,1,0,0,1,1,0,No
1258-YMZNM,110.5,2857.6,70,27,1,1,1,1,1,1,0,1,1,0,No
1264-BYWMS,96.8,5283.95,40,55,0,1,1,0,0,0,0,1,1,0,No
1268-ASBGA,85.35,1375.15,66,16,1,1,1,0,0,0,0,0,1,1,Yes
1291-CUOCY,110.6,7962.2,55,72,0,1,1,0,1,1,1,1,1,1,Yes
1319-YLZJG,84.6,959.9,62,12,0,0,1,1,1,1,0,0,0,1,Yes
1320-HTRDR,75.5,220.6,30,3,0,1,1,0,0,0,0,0,0,0,No
1320-REHCS,110.75,5832,75,52,1,1,1,0,1,1,1,1,1,0,No
1325-USMEC,99.35,6944.5,58,70,0,1,1,1,1,1,0,1,0,1,Yes
1335-HQMKX,101.35,7323.15,49,72,0,1,1,0,1,1,0,1,1,1,Yes
1346-UFHAX,80,1029.35,59,13,0,1,0,1,0,0,0,0,0,0,No
1347-KTTTA,102.45,6654.1,22,64,0,0,1,0,1,1,1,1,1,1,Yes
1360-JYXKQ,99.1,5437.1,68,54,1,0,1,0,0,1,1,1,1,1,Yes
1370-GGAWX,94.15,4408.45,55,46,0,1,1,0,1,1,0,0,1,0,No
1384-RCUXW,80.55,1248.9,58,16,0,1,1,0,1,0,0,0,0,0,No
1409-PHXTF,110.45,6077.75,77,54,1,1,1,0,1,1,1,1,1,1,Yes
1414-YADCW,84.6,5706.2,45,70,0,0,1,1,1,0,1,0,0,1,Yes
1422-DGUBX,79.25,2619.15,64,32,0,1,1,0,0,0,1,0,0,1,Yes
1427-VERSM,98.7,5669.5,62,56,0,0,1,0,0,1,1,1,1,1,Yes
1428-GTBJJ,74.55,824.75,20,11,0,0,1,0,1,0,0,0,0,0,No
1450-SKCVI,73.85,4092.85,22,56,0,0,1,0,1,0,0,0,0,0,No
1452-KIOVK,89.1,1949.4,42,22,0,1,1,0,1,0,0,1,0,0,No
1452-UZOSF,106.1,7548.6,31,72,0,1,1,1,1,1,1,1,0,1,Yes
1452-VOQCH,75.1,75.1,61,1,0,1,1,0,0,0,0,0,0,0,No
1455-HFBXA,91.6,4627.8,61,52,0,1,0,1,0,1,1,0,0,1,Yes
1455-UGQVH,98.5,1037.75,35,10,0,1,1,0,0,1,0,1,1,1,Yes
1465-VINDH,102.1,1068.85,31,10,0,1,1,0,1,1,0,1,1,1,Yes
1472-TNCWL,94.7,3512.5,55,36,0,0,1,0,1,0,0,1,1,0,No
1480-IVEVR,81.6,2815.25,76,35,1,1,1,0,0,1,0,0,0,1,Yes
1485-YDHMM,93.25,4631.7,49,52,0,1,1,0,1,0,1,0,1,1,Yes
1502-XFCVR,106.45,6145.85,57,58,0,0,1,1,1,1,0,1,1,0,No
1513-XNPPH,89.4,1095.65,36,12,0,0,1,0,0,1,1,0,1,0,No
1552-AAGRX,106.4,3211.9,22,30,0,1,0,1,0,0,1,1,1,0,No
1555-DJEQW,114.2,7723.9,21,70,0,1,1,1,1,1,1,1,1,1,Yes
1564-NTYXF,82,1127.2,79,13,1,1,1,0,0,0,0,0,1,0,No
1567-DSCIC,94,773.65,59,8,0,1,1,0,1,1,0,1,0,0,No
1569-TTNYJ,78.75,412.1,55,5,0,1,0,0,1,0,0,0,0,1,Yes
1571-SAVHK,99.95,1132.75,20,12,0,1,0,0,0,0,1,1,1,0,No
1579-KLYDT,90.45,593.45,31,7,0,1,1,0,0,1,0,1,0,0,No
1587-FKLZB,99.5,6822.15,79,66,1,1,1,0,0,1,0,1,1,1,Yes
1591-MQJTP,93.65,4839.15,76,51,1,1,1,1,0,1,0,0,1,1,Yes
1596-BBVTG,75.35,2636.05,53,35,0,1,1,0,0,0,0,0,0,0,No
1597-LHYNC,95,2497.2,74,26,1,1,0,1,1,0,0,0,1,0,No
1602-IJQQE,75.35,338.1,42,4,0,1,1,0,0,0,0,0,0,0,No
1618-CFHME,75.9,143.35,30,2,0,1,1,0,0,0,0,0,0,0,No
1621-YNCJH,106.05,3834.4,54,36,0,1,0,1,1,1,1,0,1,1,Yes
1624-NALOJ,89.8,502.6,75,5,1,1,1,0,1,0,0,0,1,0,No
1624-WOIWJ,84.7,832.05,40,10,0,0,1,1,0,0,0,1,0,0,No
1628-BIZYP,85,85,60,1,0,0,1,0,1,0,0,0,1,0,No
1641-RQDAY,100.4,3217.65,77,32,1,1,1,0,1,0,0,1,1,1,Yes
1658-BYGOY,95.45,1752.55,71,18,1,1,1,0,0,0,0,1,1,0,No
1666-JXLKU,100.05,3810.55,64,37,0,1,1,0,0,1,0,1,1,0,No
1679-JRFBR,108.15,7930.55,27,70,0,1,1,1,1,1,0,1,1,1,Yes
1689-MRZQR,78.3,2564.3,36,34,0,0,1,0,0,0,0,1,0,1,Yes
1696-HXOWK,95.65,6856.95,53,71,0,1,1,1,1,0,0,1,0,1,Yes
1707-HABPF,91.3,4126.35,65,46,1,0,1,0,1,1,0,1,0,0,No
1724-BQUHA,89.5,477.7,67,5,1,0,1,0,0,0,0,1,1,0,No
1731-TVIUK,93.5,362.2,47,4,0,1,1,0,1,0,1,0,1,0,No
1732-VHUBQ,70.55,3309.25,73,47,1,0,1,0,0,0,0,0,0,1,Yes
1754-GKYPY,89.75,1938.9,65,22,1,0,1,0,0,0,0,1,1,1,Yes
1785-BPHTP,85.45,2289.9,64,28,0,0,1,0,0,1,0,1,0,1,Yes
1818-ESQMW,89.2,2383.6,31,27,0,0,1,0,0,1,1,0,1,0,No
1830-GGFNM,94.55,6078.75,35,65,0,1,1,1,1,1,1,0,0,1,Yes
1841-YSJGV,109.95,7852.4,58,72,0,1,1,1,1,0,1,1,1,1,Yes
1845-CSBRZ,85.35,1961.6,71,22,1,1,1,0,0,0,0,1,0,1,Yes
1846-XWOQN,70.15,70.15,80,1,1,0,1,0,0,0,0,0,0,0,No
1853-UDXBW,70,70,38,1,0,0,1,0,0,0,0,0,0,1,Yes
1855-AGAWH,93.8,2939.8,27,31,0,0,1,0,0,1,0,1,1,1,Yes
1867-TJHTS,79.8,4526.85,47,58,0,1,1,1,0,0,0,0,0,0,No
1871-MOWRM,80.85,866.45,57,12,0,0,1,1,0,0,1,0,0,1,Yes
1891-QRQSA,111.6,7099,71,64,1,1,1,1,0,1,1,1,1,1,Yes
1899-VXWXM,106.1,5082.8,55,48,0,1,1,0,1,1,0,1,1,0,No
1932-UEDCX,100.6,3270.25,79,33,1,1,1,0,1,0,0,1,1,1,Yes
1935-IMVBB,89.7,4952.95,43,56,0,0,1,0,0,0,0,1,1,1,Yes
1950-KSVVJ,113.3,5032.25,57,45,0,1,1,1,1,1,1,1,1,1,Yes
1977-STDKI,73,73,72,1,1,0,1,0,1,0,0,0,0,0,No
1981-INRFU,79.75,164.5,44,2,0,0,1,0,0,0,0,1,0,0,No
1989-PRJHP,75.5,1893.95,75,27,1,1,1,0,0,0,0,0,0,1,Yes
2000-MPKCA,107.75,6332.75,51,58,0,1,1,1,1,1,0,1,1,0,No
2014-MKGMH,101.1,4674.4,45,46,0,1,1,0,0,1,0,1,1,0,No
2019-HDCZY,102.6,6296.75,35,63,0,1,1,0,0,1,0,1,1,1,Yes
2025-JKFWI,99,1301.7,31,13,0,1,1,0,0,0,1,1,1,0,No
2026-TGDHM,79.3,523.15,54,7,0,0,0,0,0,0,0,0,1,0,No
2027-FECZV,106.7,1253.9,44,12,0,1,1,0,1,1,0,1,1,0,No
2037-SGXHH,94.65,3624.3,25,38,0,1,1,0,1,1,0,1,0,1,Yes
2038-OEQZH,86.05,308.1,63,4,0,0,1,0,0,1,0,0,1,0,No
2040-XBAVJ,114.45,8100.55,51,72,0,1,1,1,1,1,1,1,1,1,Yes
2055-PDADH,70.4,204.7,71,3,1,0,1,0,0,0,0,0,0,0,No
2067-QYTCF,111.15,6953.4,41,64,0,1,1,0,1,1,1,1,1,1,Yes
2070-XYMFH,79.35,1835.3,66,23,1,1,1,0,0,1,0,0,0,0,No
2074-GKOWZ,89.55,185.55,49,2,0,0,1,0,0,0,0,1,1,1,Yes
2077-MPJQO,75.4,533.05,80,7,1,1,1,0,0,0,0,0,0,1,Yes
2081-VEYEH,107.95,318.6,42,3,0,0,1,0,1,1,1,1,1,0,No
2085-BOJKI,96.65,1588.25,33,17,0,0,1,0,0,1,0,1,1,1,Yes
2091-RFFBA,73.9,2217.15,70,31,1,1,1,0,0,0,0,0,0,0,No
2101-RANCD,73.1,4144.9,50,55,0,1,1,0,0,0,0,0,0,0,No
2105-PHWON,95,3008.15,41,33,0,1,0,0,0,1,1,0,1,1,Yes
2114-MGINA,89.8,1129.1,57,14,0,0,1,0,0,0,0,1,1,0,No
2123-AGEEN,84.35,609.65,66,7,1,0,0,0,0,1,0,1,0,0,No
2133-TSRRM,105.35,3688.6,47,34,0,0,0,1,1,1,0,1,1,0,No
2165-VOEGB,105.2,4822.85,23,46,0,0,1,1,1,0,1,1,1,0,No
2172-EJXVF,105.9,7521.95,65,71,1,1,0,0,1,1,0,1,1,0,No
2178-PMGCJ,69.7,1490.4,22,22,0,0,1,0,0,0,0,0,0,0,No
2180-DXNEG,96,1062.1,46,12,0,0,1,0,0,1,0,1,1,0,No
2190-PHBHR,94.45,6921.7,22,72,0,1,1,1,1,0,0,0,1,1,Yes
2193-SFWQW,111.95,8033.1,47,72,0,0,1,1,1,1,1,1,1,1,Yes
2195-ZRVAX,85.3,4045.65,40,47,0,0,1,0,0,1,0,0,1,1,Yes
2203-GHNWN,79.65,1928.7,24,24,0,1,1,0,0,1,0,0,0,1,Yes
2205-LPVGL,89.85,5125.75,71,58,1,1,0,1,1,0,1,0,0,1,Yes
2205-YMZZJ,84.8,546.95,75,7,1,1,0,0,0,0,0,1,0,0,No
2207-QPJED,90,3371.75,66,37,1,0,1,0,0,1,1,1,0,1,Yes
2208-NQBCT,81.95,2070.05,23,26,0,0,1,1,1,0,0,0,0,1,Yes
2208-UGTGR,98.6,5581.05,62,56,0,1,1,0,1,0,0,1,1,0,No
2223-GDSHL,116.05,8297.5,41,71,0,1,0,1,1,1,1,1,1,1,Yes
2237-ZFSMY,95.55,3692.85,29,39,0,0,1,1,0,1,1,1,0,0,No
2242-MFOTG,80.1,2603.3,29,33,0,1,1,1,0,0,0,0,0,0,No
2249-YPRNG,105.85,2239.65,57,20,0,1,1,0,1,1,0,1,1,1,Yes
2252-JHJGE,104,6363.45,24,61,0,1,1,1,0,1,0,1,1,0,No
2266-SJNAT,109.15,7789.6,21,72,0,1,1,0,1,1,1,1,1,1,Yes
2272-QAGFO,74.3,1096.25,75,14,1,1,1,0,0,0,0,0,0,0,No
2272-WUSPA,110.75,7751.7,48,72,0,1,1,1,1,1,0,1,1,1,Yes
2277-BKJKN,99.2,7213.75,70,71,1,0,1,0,1,1,0,1,1,1,Yes
2277-DJJDL,99,6017.9,69,60,1,1,0,0,0,0,1,1,1,1,Yes
2279-AXJJK,95.65,5088.4,27,52,0,1,1,0,1,0,1,0,1,1,Yes
2293-IJWPS,100.75,5985,39,57,0,1,1,0,0,1,0,1,1,1,Yes
2322-VCZHZ,90,2024.1,70,23,1,0,1,1,1,0,0,0,1,1,Yes
2330-PQGDQ,84.2,4299.75,36,51,0,1,1,0,1,0,1,0,0,1,Yes
2347-WKKAE,94.4,4014.6,52,42,0,1,1,1,0,1,0,0,1,1,Yes
2357-COQEK,103.3,2890.65,79,28,1,1,1,0,0,1,1,1,1,0,No
2359-KLTEK,94.9,3848,25,41,0,0,1,0,0,1,0,1,1,1,Yes
2359-KMGLI,80.25,1861.5,52,24,0,1,1,0,1,0,0,0,0,0,No
2359-QWQUL,104.7,4134.85,35,39,0,0,1,1,0,1,1,1,1,1,Yes
2362-IBOOY,84.75,3050.15,22,36,0,1,1,0,0,0,0,0,1,0,No
2371-KFUOG,99.15,5720.95,54,58,0,0,1,1,1,0,0,1,1,0,No
2378-VTKDH,104.35,6578.55,76,65,1,1,1,0,1,1,0,1,1,1,Yes
2379-ENZGV,84.85,523.5,61,6,0,0,1,0,1,0,0,1,0,0,No
2379-GYFLQ,94.9,4422.95,31,46,0,1,1,0,1,1,0,1,0,0,No
2382-BCKQJ,100.15,6413.65,41,62,0,1,1,0,0,1,0,1,1,0,No
2386-OWURY,95.3,5817.7,20,58,0,0,1,0,0,0,1,1,1,0,No
2397-BRLOM,80.45,583.45,67,8,1,0,1,0,0,0,0,1,0,1,Yes
2398-YPMUR,70.15,916.75,77,13,1,0,0,0,0,0,0,0,0,1,Yes
2408-TZMJL,110.15,6448.05,43,59,0,1,1,1,1,1,0,1,1,1,Yes
2452-KDRRH,101.4,6841.05,76,67,1,1,1,0,0,1,0,1,1,0,No
2469-DTSGX,111.65,7943.45,72,72,1,1,1,0,1,1,1,1,1,0,No
2476-YGEFM,76,2215.25,24,29,0,1,1,0,0,0,0,0,0,0,No
2480-EJWYP,97.8,5458.8,66,58,1,1,1,0,1,0,0,1,1,1,Yes
2495-KZNFB,90.65,2989.6,26,33,0,1,1,1,0,0,0,0,1,0,No
2519-LBNQL,104.35,6339.45,80,60,1,1,1,0,1,1,0,1,1,1,Yes
2522-AHJXR,109.45,6572.85,36,60,0,1,1,1,0,1,1,1,1,1,Yes
2533-QVMSK,94.1,5638.3,46,61,0,1,1,0,1,0,1,1,0,1,Yes
2608-BHKFN,70.05,266.9,46,4,0,0,1,0,0,0,0,0,0,0,No
2609-IAICY,77.15,77.15,32,1,0,1,0,0,0,0,0,0,0,0,No
2612-RANWT,100.15,1164.3,24,12,0,1,1,0,0,1,0,1,1,0,No
2612-RRIDN,81,340.85,25,4,0,0,0,0,0,0,0,1,0,0,No
2632-IVXVF,111.75,7511.3,40,68,0,1,1,1,0,1,1,1,1,1,Yes
2632-UCGVD,100.05,6871.9,71,66,1,1,1,0,0,0,1,1,1,1,Yes
2645-QTLMB,94.25,669,22,7,0,0,1,0,1,0,0,1,1,0,No
2657-ALMWY,84.95,2169.75,65,26,1,0,1,0,1,0,0,0,1,1,Yes
2660-EMUBI,95.35,898.35,71,10,1,1,1,0,0,0,0,1,1,0,No
2664-XJZNO,104.9,7559.55,43,72,0,0,1,1,0,1,1,1,1,1,Yes
2675-OTVVJ,89.45,2807.65,76,31,1,1,1,1,0,0,0,1,0,1,Yes
2685-SREOM,89.1,2368.4,36,25,0,1,1,0,0,1,0,0,1,1,Yes
2692-AQCPF,108.05,7118.9,32,65,0,1,1,0,1,1,1,1,1,1,Yes
2696-NARTR,73.85,926.25,40,11,0,0,1,0,0,0,1,0,0,0,No
2720-WGKHP,94,181.7,65,2,1,1,1,0,0,0,0,1,1,0,No
2748-MYRVK,99.9,6137,22,63,0,1,1,0,1,0,0,1,1,0,No
2754-SDJRD,100.15,908.55,74,8,1,1,1,0,0,0,1,1,1,0,No
2754-VDLTR,95.2,930.4,54,10,0,1,1,0,0,0,0,1,1,0,No
2758-RNWXS,89.2,3251.3,60,35,0,0,1,1,0,0,1,0,1,0,No
2761-OCIAX,74.7,165.4,74,2,1,0,1,0,1,0,0,0,0,0,No
2792-LSHWX,83.4,83.4,49,1,0,0,1,1,1,0,1,0,0,0,No
2796-UUZZO,80.3,4896.35,30,63,0,0,0,0,1,1,0,0,0,1,Yes
2799-ARNLO,69.35,341.6,67,5,1,0,1,0,0,0,0,0,0,1,Yes
2805-EDJPQ,99.75,5608.4,45,56,0,1,1,0,1,1,1,0,1,1,Yes
2809-ZMYOQ,101.35,3334.9,33,32,0,1,1,0,0,1,0,1,1,0,No
2811-POVEX,88.45,2130.55,74,23,1,0,1,0,1,1,0,0,1,1,Yes
2815-CPTUL,70.25,331.9,68,5,1,0,1,0,0,0,0,0,0,0,No
2830-LEWOA,103.9,6449.15,37,61,0,0,1,0,1,1,1,1,1,1,Yes
2845-HSJCY,87.25,1258.6,49,14,0,1,1,0,0,1,0,0,1,1,Yes
2856-NNASM,89.55,3856.75,74,43,1,0,1,0,0,0,0,1,1,0,No
2858-EIMXH,95.85,5016.25,69,53,1,1,1,0,0,0,0,1,1,1,Yes
2860-RANUS,85.8,1727.5,67,20,1,1,1,0,0,0,0,0,1,0,No
2865-TCHJW,89.2,346.2,74,4,1,1,1,0,0,1,0,1,0,0,No
2869-ADAWR,89.3,4016.85,41,45,0,1,1,0,1,0,0,1,0,0,No
2873-ZLIWT,84.85,3303.05,64,40,0,1,1,0,0,1,1,0,0,1,Yes
2874-YXVVA,105.1,3634.8,38,34,0,0,1,0,1,1,1,1,1,0,No
2878-RMWXY,102.65,7550.3,75,72,1,1,1,1,1,1,0,0,1,1,Yes
2883-ILGWO,104.9,5913.95,68,57,1,1,0,0,1,0,1,1,1,0,No
2886-KEFUM,107.5,6873.75,50,63,0,1,0,0,1,1,0,1,1,1,Yes
2889-FPWRM,117.8,8684.8,31,72,0,1,1,1,1,1,1,1,1,1,Yes
2919-HBCJO,76.65,333.6,36,4,0,0,1,0,1,0,0,0,0,0,No
2924-KHUVI,100.55,5514.95,28,56,0,1,1,1,0,0,0,1,1,1,Yes
2929-ERCFZ,94.2,777.3,22,8,0,0,1,0,0,1,0,1,1,1,Yes
2929-QNSRW,98.25,5508.35,21,56,0,1,0,0,1,0,0,1,1,1,Yes
2931-VUVJN,94.05,5483.9,71,59,1,1,0,1,1,1,1,0,0,1,Yes
2955-BJZHG,80.85,1400.85,41,17,0,0,1,0,0,0,0,1,0,1,Yes
2959-FENLU,85.3,781.4,64,9,0,0,0,0,0,1,0,0,1,0,No
2960-NKRSO,85.95,2107.15,60,24,0,0,1,0,1,1,1,0,0,0,No
2974-GGUXS,91.95,3301.05,74,36,1,1,1,0,1,0,0,1,0,1,Yes
2982-IHMFT,74.45,74.45,75,1,1,1,1,0,0,0,0,0,0,0,No
2983-ZANRP,73.55,145.4,27,2,0,0,1,0,1,0,0,0,0,1,Yes
2988-GBIVW,90.85,6470.1,68,70,1,1,1,1,0,0,0,0,1,1,Yes
2990-HWIML,89.5,573.3,58,6,0,0,1,0,0,0,0,1,1,0,No
3001-CBHLQ,104.9,3351.55,76,32,1,1,1,0,0,1,1,1,1,1,Yes
3001-UNBTL,103.95,2964.8,69,29,1,1,1,0,0,1,0,1,1,1,Yes
3005-NFMTA,98.8,5617.75,73,55,1,1,1,1,0,0,0,1,1,0,No
3005-TYFRD,103.65,5676.65,54,55,0,1,1,0,1,1,0,1,1,1,Yes
3009-JWMPU,96.75,6125.4,58,62,0,1,1,0,0,1,0,1,1,0,No
3014-WJKSM,75.3,2263.4,26,29,0,0,1,0,0,1,0,0,0,1,Yes
3018-TFTSU,81.7,858.6,44,12,0,0,1,1,0,1,0,0,0,0,No
3027-ZTDHO,89.9,89.9,21,1,0,0,1,0,0,0,0,1,1,0,No
3045-XETSH,94.85,953.45,34,10,0,1,1,0,1,1,0,0,1,0,No
3049-SOLAY,95.2,292.85,21,3,0,1,0,0,0,0,0,1,1,1,Yes
3058-HJCUY,102.6,4213.35,36,41,0,1,1,0,0,1,1,1,1,1,Yes
3066-RRJIO,69.95,69.95,29,1,0,0,1,0,0,0,0,0,0,0,No
3070-BDOQC,99.65,5941.05,38,60,0,0,1,0,1,1,0,1,1,0,No
3071-VBYPO,89.85,248.4,38,3,0,0,1,1,1,0,0,1,0,1,Yes
3086-RUCRN,103.1,6595,33,66,0,1,1,1,1,1,1,0,1,0,No
3088-LHEFH,79,929.3,28,11,0,1,1,1,0,0,0,0,0,0,No
3096-GKWEB,94.75,1691.9,42,18,0,1,1,0,0,0,0,1,1,1,Yes
3096-WPXBT,100.7,6018.65,60,61,0,1,0,1,1,1,0,0,1,1,Yes
3097-NQYSN,86.85,156.35,73,2,1,1,0,0,0,0,0,1,0,1,Yes
3130-ICDUP,80.55,188.1,56,2,0,1,1,1,0,0,0,0,0,0,No
3138-BKYAV,85.35,489.45,61,6,0,0,1,0,1,0,0,1,0,0,No
3161-GETRM,90.05,3097,61,34,0,1,1,0,0,1,0,0,1,1,Yes
3162-KKZXO,100.15,5409.75,75,55,1,1,1,0,0,1,0,1,1,0,No
3177-LASXD,71.35,71.35,43,1,0,0,0,0,0,0,0,0,0,0,No
3186-AJIEK,105.65,6844.5,44,66,0,0,1,1,0,1,1,1,1,0,No
3192-LNKRK,84.05,2909.95,63,34,0,0,1,0,0,1,0,1,0,1,Yes
3199-NPKCN,111.25,7511.65,39,67,0,1,1,1,0,1,1,1,1,1,Yes
3199-XGZCY,75.25,576.7,51,8,0,1,1,0,0,0,0,0,0,0,No
3211-ILJTT,70.4,1214.05,35,17,0,0,1,0,0,0,0,0,0,1,Yes
3217-FZDMN,94.45,742.95,66,8,1,0,1,0,0,1,0,1,1,0,No
3230-JCNZS,99,7061.65,43,71,0,1,1,1,1,1,0,1,0,1,Yes
3244-CQPHU,110.1,7746.7,77,72,1,1,1,1,1,0,1,1,1,0,No
3249-ZPQRG,78.45,330.05,28,4,0,1,1,0,1,0,0,0,0,0,No
3253-HKOKL,100.3,5244.45,31,52,0,0,1,1,0,1,0,1,1,1,Yes
3269-ATYWD,95.65,3759.05,79,39,1,1,0,0,0,0,0,1,1,0,No
3312-ZWLGF,79.3,2414.55,69,29,1,1,1,0,0,0,1,0,0,1,Yes
3317-VLGQT,78.1,1122.4,50,14,0,0,1,0,0,0,0,0,1,1,Yes
3318-OSATS,95.45,3474.05,70,35,1,1,0,0,0,0,0,1,1,0,No
3319-DWOEP,95.75,573.75,69,6,1,0,1,0,0,1,0,1,1,1,Yes
3325-FUYCG,106.1,2847.4,58,28,0,1,1,1,1,0,0,1,1,1,Yes
3336-JORSO,110.45,3655.45,70,33,1,1,0,0,1,1,1,1,1,0,No
3349-ANQNH,99.5,5890,70,59,1,1,1,0,0,1,0,1,1,0,No
3370-GQEAL,85.45,2509.95,63,30,0,1,0,0,0,0,0,1,0,1,Yes
3376-BMGFE,70.9,273,42,4,0,0,1,0,0,0,0,0,0,0,No
3389-YGYAI,105.5,829.55,79,8,1,1,1,0,1,1,0,1,1,0,No
3392-EHMNK,94.1,6302.8,53,67,0,1,1,0,1,0,1,1,0,1,Yes
3396-DKDEL,115.15,8250,45,70,0,1,1,1,1,1,1,1,1,1,Yes
3398-ZOUAA,69.1,1474.75,76,21,1,0,1,0,0,0,0,0,0,1,Yes
3410-MHHUM,94.4,4295.35,40,44,0,1,0,0,1,1,0,0,1,1,Yes
3411-WLRSQ,74.6,239.05,80,3,1,0,0,0,1,0,0,0,0,1,Yes
3413-DHLPB,103.75,5969.95,57,60,0,1,1,0,1,0,1,1,1,1,Yes
3420-ZDBMA,71.45,371.6,78,5,1,0,1,0,0,0,0,0,0,0,No
3424-NMNBO,108.85,6287.25,78,58,1,1,1,1,1,1,0,1,1,1,Yes
3427-GGZZI,89.1,1620.8,30,19,0,1,1,0,1,0,0,0,1,1,Yes
3453-RTHJQ,69.1,435,59,6,0,0,1,0,0,0,0,0,0,0,No
3462-BJQQA,89.75,552.65,23,6,0,1,0,0,1,0,0,1,0,0,No
3466-RITXD,92.4,2349.8,34,26,0,1,1,1,1,0,0,1,0,0,No
3481-JHUZH,80.25,3439,36,41,0,1,1,0,1,0,0,0,0,1,Yes
3522-CDKHF,75.5,2324.7,21,32,0,0,1,1,0,0,0,0,0,1,Yes
3537-HPKQT,77.75,4266.4,20,55,0,1,1,0,1,0,0,0,0,1,Yes
3540-RZJYU,86.2,1270.2,21,15,0,0,0,1,0,0,0,1,0,0,No
3550-SAHFP,83.35,2757.85,51,33,0,1,0,0,0,0,0,0,1,0,No
3565-UNOCC,99.05,2952.85,65,29,1,1,1,0,0,1,0,1,1,1,Yes
3569-EDBPQ,84.35,1938.05,44,24,0,1,1,1,0,0,1,0,0,0,No
3572-UOLYZ,84.8,3958.85,28,46,0,1,1,0,0,1,1,0,0,0,No
3597-MVHJT,95.6,2595.25,49,27,0,1,1,0,0,0,0,1,1,0,No
3597-YASZG,104.45,7349.35,73,70,1,1,1,0,1,0,1,1,1,1,Yes
3617-XLSGQ,109.25,7082.5,61,66,0,1,0,1,1,1,0,1,1,1,Yes
3621-CEOVK,100.2,1369.8,71,14,1,1,1,0,1,0,0,1,1,1,Yes
3627-FHKBK,75.3,75.3,28,1,0,0,1,1,0,0,0,0,0,0,No
3642-GKTCT,115.1,6993.65,58,61,0,1,1,1,1,1,1,1,1,0,No
3647-GMGDH,94.7,1914.9,52,22,0,0,1,0,0,1,0,1,1,1,Yes
3663-MITLP,101.25,1457.25,43,15,0,0,1,0,1,1,0,1,1,0,No
3671-SHRSP,80.6,319.15,46,4,0,0,1,0,0,1,1,0,0,1,Yes
3672-YITQD,84.1,3021.6,71,36,1,1,1,0,0,0,0,0,1,1,Yes
3677-TNKIO,71,914,27,14,0,0,1,0,0,0,0,0,0,0,No
3680-CTHUH,116.6,7049.5,22,60,0,1,1,1,1,1,1,1,1,0,No
3703-KBKZP,74.45,1261.35,70,16,1,1,1,0,0,0,0,0,0,0,No
3703-VAVCL,90,190.05,51,2,0,0,1,0,0,1,1,0,1,1,Yes
3705-RHRFR,99.15,6875.35,52,69,0,1,1,1,0,0,0,1,1,1,Yes
3709-OIJEA,85.2,2184.6,51,26,0,0,1,0,1,1,1,0,0,0,No
3716-BDVDB,69.1,69.1,62,1,0,0,1,0,0,0,0,0,0,0,No
3717-LNXKW,91.7,3479.05,36,38,0,1,1,1,0,0,0,1,0,1,Yes
3721-CNEYS,70.95,137.95,45,2,0,0,1,0,0,0,0,0,0,0,No
3727-RJMEO,82.85,460.25,34,6,0,1,1,0,0,0,0,1,0,1,Yes
3733-LSYCE,75.35,1114.55,22,15,0,0,1,0,1,0,0,0,0,1,Yes
3736-BLEPA,91.25,2483.65,50,28,0,0,1,0,1,0,1,1,0,0,No
3737-GCSPV,96.2,1222.05,60,11,0,1,1,1,0,0,1,1,0,1,Yes
3737-XBQDD,84.85,2048.8,57,24,0,1,0,0,1,1,0,0,0,0,No
3758-CKOQL,107,6152.3,20,59,0,1,0,1,1,1,1,0,1,1,Yes
3761-FLYZI,108.8,7082.45,69,65,1,1,1,0,1,1,0,1,1,1,Yes
3763-GCZHZ,104.05,6890,23,66,0,1,1,0,1,0,1,1,1,1,Yes
3765-JXVKY,74.7,74.7,23,1,0,0,1,0,1,0,0,0,0,0,No
3786-WOVKF,106.85,7677.4,69,72,1,1,0,1,1,0,0,1,1,1,Yes
3801-HMYNL,89.15,89.15,44,1,0,0,1,0,0,0,0,1,1,1,Yes
3811-VBYBZ,99.8,673.25,61,7,0,1,0,0,1,0,0,1,1,0,No
3814-MLAXC,79.85,2404.15,58,31,0,1,1,0,0,0,1,0,0,0,No
3841-NFECX,96.35,6766.95,69,71,1,1,1,1,1,1,1,0,0,1,Yes
3853-LYGAM,95.65,1640,58,17,0,1,1,0,0,1,1,0,1,0,No
3855-ONCAR,78.9,299.75,35,4,0,0,1,0,0,0,0,1,0,1,Yes
3858-VOBET,74.95,1710.45,48,23,0,1,1,0,0,0,0,0,0,0,No
3865-ZYKAD,84.9,5785.65,77,69,1,1,1,1,1,0,0,0,0,1,Yes
3870-MQAMG,110.35,5893.15,21,54,0,1,1,0,1,1,1,1,1,1,Yes
3870-SPZSI,113.05,7869.05,56,70,0,1,1,1,1,1,1,1,1,1,Yes
3871-IKPYH,69.1,69.1,70,1,1,0,1,0,0,0,0,0,0,0,No
3874-EQOEP,95,655.5,32,7,0,1,0,0,0,0,0,1,1,0,No
3878-AVSOQ,71.25,71.25,68,1,1,0,0,0,0,0,0,0,0,0,No
3882-IYOIJ,115.25,6758.45,41,60,0,1,1,1,1,1,1,1,1,1,Yes
3884-HCSWG,70,1144.5,51,17,0,0,0,0,0,0,0,0,0,0,No
3886-CERTZ,109.25,8109.8,57,72,0,1,1,0,1,1,1,1,1,1,Yes
3902-FOIGH,101.35,1218.55,66,12,1,1,1,0,1,0,0,1,1,1,Yes
3904-UKFRE,80.1,336.15,27,4,0,1,1,1,0,0,0,0,0,0,No
3908-BLSYF,83.9,497.55,40,6,0,0,1,0,0,1,0,0,1,0,No
3934-HXCFZ,99.25,2186.4,33,23,0,1,1,1,1,1,0,1,0,1,Yes
3943-KDREE,74.95,1834.95,48,26,0,1,1,0,0,0,0,0,0,0,No
3955-JBZZM,78.8,1641.3,45,20,0,0,1,0,0,0,0,1,0,0,No
3956-MGXOG,80.6,2244.95,62,28,0,0,1,0,0,0,0,0,1,0,No
3966-HRMZA,75.05,202.9,74,3,1,0,0,0,0,1,0,0,0,0,No
3969-GYXEL,76.4,838.7,46,11,0,0,1,1,0,0,0,0,0,0,No
3982-DQLUS,85.75,5688.45,78,65,1,1,1,1,1,0,0,0,0,1,Yes
3999-QGRJH,69.7,560.85,80,8,1,0,1,0,0,0,0,0,0,0,No
4001-TSBTV,91.55,5511.65,49,58,0,0,1,0,1,1,0,1,0,1,Yes
4007-NHVHI,96.85,5219.65,69,56,1,1,1,1,1,0,0,0,1,0,No
4009-ALQFH,99.5,2369.05,35,25,0,0,1,0,1,1,0,1,1,0,No
4010-YLMVT,106.6,5893.95,25,56,0,1,1,1,1,0,0,1,1,0,No
4013-TLDHQ,78.25,1490.95,59,19,0,0,1,0,1,1,0,0,0,0,No
4016-BJKTZ,108.9,2809.05,20,25,0,1,1,0,1,1,1,1,1,0,No
4021-RQSNY,98.5,3004.15,75,29,1,1,0,0,0,1,0,1,1,1,Yes
4024-CSNBY,94.25,6849.75,39,72,0,1,0,1,1,1,1,0,0,1,Yes
4039-HEUNW,96.5,3436.1,77,36,1,1,1,0,1,0,0,1,1,1,Yes
4043-MKDTV,105.25,7291.75,54,71,0,0,1,0,1,1,1,1,1,1,Yes
4057-FKCZK,82.5,4828.05,40,58,0,1,1,0,0,0,0,1,0,1,Yes
4067-HLYQI,70.4,2406.1,43,33,0,0,0,0,0,0,0,0,0,0,No
4075-JFPGR,93.5,4619.55,27,51,0,0,1,1,1,1,0,1,0,1,Yes
4083-BFNYK,95,3591.25,74,38,1,1,0,1,1,0,0,0,1,1,Yes
4086-YQSNZ,80.4,224.05,74,3,1,0,1,0,0,0,0,1,0,1,Yes
4088-YLDSU,104.15,5743.05,21,55,0,1,1,0,0,1,1,1,1,1,Yes
4094-NSEDU,94.25,1973.75,79,21,1,1,1,0,0,0,0,1,1,0,No
4098-NAUKP,84.65,5683.6,70,68,1,1,1,0,1,1,0,0,0,1,Yes
4115-NZRKS,89.15,574.35,72,7,1,0,1,0,0,0,0,1,1,0,No
4116-TZAQJ,74.25,639.65,23,9,0,0,1,1,0,0,0,0,0,0,No
4129-LYCOI,104,7039.05,28,67,0,1,1,0,1,0,1,1,1,0,No
4132-KALRO,100.85,399.25,31,4,0,1,0,0,0,0,1,1,1,0,No
4143-HHPMK,85.35,4338.6,46,52,0,0,0,0,1,0,0,0,1,0,No
4143-OOBWZ,81.3,416.3,33,5,0,1,1,0,1,0,0,0,0,1,Yes
4178-EGMON,88,5986.45,30,70,0,1,1,1,1,0,1,0,0,1,Yes
4191-XOVOM,105.4,6713.2,25,63,0,1,0,0,1,0,1,1,1,0,No
4194-WHFCB,96.65,5580.8,35,59,0,1,1,0,1,0,1,0,1,1,Yes
4220-TINQT,106.35,6751.35,41,61,0,1,1,0,0,1,1,1,1,1,Yes
4236-XPXAV,99.15,465.05,45,5,0,0,1,0,1,0,1,1,1,1,Yes
4248-HCETZ,79.65,2365.15,77,30,1,0,1,0,1,1,0,0,0,1,Yes
4248-QPAVC,85.35,1463.45,80,17,1,1,1,1,0,1,0,0,0,1,Yes
4250-ZBWLV,108.45,7176.55,24,68,0,1,1,0,1,1,1,1,1,0,No
4273-MBHYA,89.35,89.35,38,1,0,0,1,0,0,0,0,1,1,0,No
4282-MSACW,117.2,8035.95,39,68,0,1,1,1,1,1,1,1,1,0,No
4283-FUTGF,79.85,1471.75,67,19,1,1,1,0,0,1,0,0,0,0,No
4285-GYRQC,86.25,587.1,63,7,0,0,1,0,0,1,0,1,0,1,Yes
4291-SHSBH,69.55,521.35,25,7,0,0,1,0,0,0,0,0,0,0,No
4298-OYIFC,103.45,1539.8,59,15,0,1,0,0,0,1,1,1,1,1,Yes
4304-TSPVK,114.9,7843.55,46,68,0,1,1,1,1,1,1,1,1,1,Yes
4329-YPDDQ,108.2,2203.7,40,20,0,0,1,1,1,1,1,1,1,0,No
4332-MUOEZ,94.3,1818.3,78,20,1,0,1,1,0,1,1,0,1,1,Yes
4342-HENTK,70.65,142.35,67,2,1,0,1,0,0,0,0,0,0,0,No
4360-PNRQB,75.6,1395.05,27,18,0,1,1,0,0,0,0,0,0,0,No
4366-CTOUZ,100.2,5038.45,36,50,0,0,1,0,1,0,1,1,1,0,No
4391-LNRXK,94.95,2142.8,37,22,0,0,1,0,1,1,1,0,1,0,No
4393-GEADV,114.75,7842.3,54,70,0,1,1,1,1,1,1,1,1,1,Yes
4395-PZMSN,85.55,408.5,67,5,1,0,1,0,1,0,0,0,1,0,No
4412-YLTKF,78.05,2135.5,72,27,1,1,0,0,0,1,0,0,0,0,No
4423-JWZJN,90.25,5629.15,57,64,0,1,1,0,0,1,0,0,1,1,Yes
4433-JCGCG,101,4680.05,80,46,1,1,1,0,0,1,0,1,1,1,Yes
4446-BZKHU,105.55,6281.45,44,61,0,1,1,0,1,1,0,1,1,1,Yes
4455-BFSPD,101.15,6383.9,35,61,0,1,1,0,0,0,1,1,1,1,Yes
4476-OSWTN,110.55,7610.1,73,69,1,1,1,1,0,1,1,1,1,1,Yes
4480-MBMLB,104.8,3886.45,52,36,0,1,1,0,1,1,0,1,1,0,No
4480-QQRHC,74.05,600.15,72,8,1,0,1,0,0,1,0,0,0,0,No
4501-EQDRN,69.7,69.7,64,1,0,0,1,0,0,0,0,0,0,0,No
4512-ZUIYL,70,153.05,31,2,0,0,1,0,0,0,0,0,0,0,No
4513-CXYIX,80.7,5676,73,71,1,1,1,1,0,0,0,0,0,1,Yes
4525-VZCZG,105.85,5826.65,58,54,0,0,0,1,1,0,1,1,1,0,No
4550-EVXNY,69.65,69.65,52,1,0,0,1,0,0,0,0,0,0,0,No
4550-VBOFE,102.95,7101.5,69,70,1,1,1,0,1,1,0,1,1,1,Yes
4559-UWIHT,82.65,1185,37,14,0,1,1,0,1,1,0,0,0,1,Yes
4566-NECEV,96.55,500.1,40,5,0,1,1,0,1,1,0,0,1,0,No
4567-AKPIA,109.1,4454.25,28,41,0,1,1,0,1,1,1,1,1,1,Yes
4583-PARNH,91.55,1540.05,66,16,1,0,1,0,0,1,1,0,1,1,Yes
4603-JANFB,69.85,69.85,51,1,0,0,1,0,0,0,0,0,0,0,No
4612-THJBS,104.75,5510.65,68,56,1,1,1,0,1,1,0,1,1,0,No
4616-ULAOA,110.8,7245.9,33,65,0,1,1,0,1,1,1,1,1,1,Yes
4622-YNKIJ,88.95,3027.65,59,33,0,0,1,1,0,0,1,1,0,0,No
4626-GYCZP,93.85,635.6,60,7,0,1,1,0,0,0,0,1,1,0,No
4627-MIHJH,110.25,7467.55,72,69,1,1,1,1,0,1,1,1,1,0,No
4633-MKHYU,88.4,788.6,23,9,0,0,1,0,0,0,0,1,1,0,No
4636-JGAAI,88.85,3000.25,28,34,0,1,1,0,1,0,0,0,1,1,Yes
4647-MUZON,95.95,1745.5,56,18,0,0,1,0,0,1,0,1,1,1,Yes
4657-FWVFY,96.35,3915.4,51,40,0,1,1,0,1,1,0,1,0,1,Yes
4658-HCOHW,102.8,2110.15,52,21,0,0,1,0,1,1,1,1,1,1,Yes
4659-NZRUF,95.15,1789.25,64,19,0,1,0,1,1,0,0,0,1,0,No
4670-TABXH,109.75,7758.9,53,72,0,1,1,0,1,1,1,1,1,1,Yes
4673-KKSLS,87.6,2724.25,56,31,0,0,0,1,0,1,1,0,0,0,No
4686-GEFRM,98.7,6858.9,23,70,0,1,1,0,1,1,1,0,1,1,Yes
4690-PKDQG,95.55,3930.6,66,42,1,1,1,0,1,1,0,1,0,1,Yes
4706-AXVKM,84.8,906.85,78,11,1,1,1,0,0,0,0,0,1,0,No
4713-LZDRV,79.6,195.05,80,2,1,0,1,0,0,0,0,0,1,0,No
4716-HHKQH,107.05,2172.05,68,20,1,1,1,0,1,0,1,1,1,1,Yes
4720-VSTSI,84.8,3862.55,54,44,0,1,1,0,1,1,0,0,0,0,No
4749-OJKQU,75.65,302.35,36,4,0,1,1,0,0,0,0,0,0,0,No
4763-PGDPO,70.4,281,19,4,0,0,0,0,0,0,0,0,0,0,No
4789-KWMXN,110.85,5275.8,42,47,0,1,1,1,0,1,1,1,1,1,Yes
4795-KTRTH,81,371.65,68,5,1,1,0,0,1,0,0,0,0,1,Yes
4811-JBUVU,89.9,2723.15,62,30,0,1,1,0,0,0,1,0,1,0,No
4816-OKWNX,103.4,5236.4,38,50,0,0,1,0,1,1,1,1,1,1,Yes
4817-VYYWS,100.2,2983.8,21,30,0,1,1,0,1,0,0,1,1,0,No
4818-DRBQT,80.15,2265.25,29,29,0,1,1,0,1,0,0,0,0,1,Yes
4822-YCXMX,84.8,2043.45,64,25,0,1,1,0,0,0,0,0,1,0,No
4824-GUCBY,81.7,1820.9,77,22,1,0,1,1,1,0,0,0,0,0,No
4828-FAZPK,79.95,1267.95,30,16,0,1,1,0,1,0,0,0,0,1,Yes
4829-AUOAX,96.05,4399.5,57,46,0,1,0,0,0,0,0,1,1,0,No
4840-ORQXB,104.75,5841.35,67,56,1,1,1,0,1,1,0,1,1,0,No
4847-TAJYI,89.35,567.8,77,6,1,0,1,0,0,0,0,1,1,0,No
4854-CIDCF,73.85,196.4,74,3,1,0,1,0,0,1,0,0,0,0,No
4873-ILOLJ,90.35,2238.5,64,24,0,0,1,0,0,0,0,1,1,0,No
4883-QICIH,69.75,2347.9,37,32,0,0,1,0,0,0,0,0,0,1,Yes
4884-ZTHVF,87.1,713.6,80,8,1,0,1,0,1,0,0,1,0,0,No
4908-XAXAY,89.85,4287.2,70,49,1,0,1,0,1,1,0,0,1,0,No
4910-GMJOT,94.6,94.6,56,1,0,1,1,0,0,0,0,1,1,0,No
4911-BANWH,86.55,2697.4,44,31,0,1,1,0,0,0,0,1,0,0,No
4919-IKATY,84.5,453.75,64,5,0,1,1,1,0,1,0,0,0,1,Yes
4927-WWOOZ,91.45,171.45,39,2,0,1,0,0,0,1,0,1,0,1,Yes
4937-QPZPO,99.9,6241.35,62,61,0,1,1,0,0,1,0,1,1,1,Yes
4947-DSMXK,97.7,3410,28,34,0,1,1,0,1,0,0,1,1,1,Yes
4948-WBBKL,74.9,2659.45,80,36,1,1,1,0,0,0,0,0,0,0,No
4951-UKAAQ,88.95,355.2,30,4,0,1,0,0,1,0,0,0,1,0,No
4983-CCWMC,69.6,207.4,43,3,0,0,0,0,0,0,0,0,0,0,No
4983-CLMLV,102.7,5138.1,30,52,0,1,1,0,1,0,1,1,1,1,Yes
4988-IQIGL,75.35,75.35,80,1,1,1,1,0,0,0,0,0,0,0,No
4989-LIXVT,95.9,6503.2,66,68,1,1,1,0,1,1,0,0,1,0,No
5014-WUQMG,96.1,4391.45,23,47,0,0,1,1,1,1,0,0,1,1,Yes
5022-KVDQT,81.3,2272.8,20,27,0,1,0,0,0,1,0,0,0,0,No
5027-QPKTE,69.35,451.1,39,7,0,0,0,0,0,0,0,0,0,1,Yes
5035-BVCXS,75.9,866.4,20,11,0,0,1,0,1,0,0,0,0,0,No
5044-LRQAQ,69.2,477.55,19,7,0,0,1,0,0,0,0,0,0,1,Yes
5054-IEXZT,75.35,75.35,41,1,0,0,0,0,1,0,0,0,0,0,No
5060-TQUQN,83.55,2570.2,19,30,0,1,1,0,1,0,1,0,0,1,Yes
5074-FBGHB,104.65,6889.8,47,64,0,1,1,0,0,1,1,1,1,0,No
5091-HFAZW,91.15,168.5,36,2,0,0,0,1,1,0,0,1,0,0,No
5108-ADXWO,73.5,791.75,30,11,0,0,1,1,0,0,0,0,0,0,No
5118-MUEYH,105.1,5083.55,22,48,0,1,1,0,1,0,1,1,1,1,Yes
5129-JLPIS,105.5,2686.05,27,25,0,0,1,1,0,1,1,1,1,0,No
5130-IEKQT,105.95,2655.25,73,25,1,1,1,0,1,1,0,1,1,0,No
5134-IKDAY,69.8,69.8,34,1,0,0,1,0,0,0,0,0,0,1,Yes
5135-GRQJV,114.5,8331.95,75,72,1,1,1,1,1,1,1,1,1,1,Yes
5138-WVKYJ,98.55,1008.55,51,10,0,1,1,1,0,0,0,1,1,0,No
5141-ZUVBH,93,870.25,46,9,0,0,1,1,0,1,1,0,1,0,No
5146-CBVOE,75.1,1212.85,44,16,0,0,1,0,1,0,0,0,0,0,No
5150-ITWWB,94.85,335.75,65,3,1,1,1,0,0,0,0,1,1,0,No
5150-LJNSR,98.05,3082.1,27,31,0,1,1,1,0,1,0,1,0,1,Yes
5159-YFPKQ,75.8,160.75,37,2,0,0,1,0,0,1,0,0,0,0,No
5161-XEUVX,94.3,3460.95,23,37,0,1,1,0,0,1,1,1,0,1,Yes
5167-ZFFMM,90.85,90.85,64,1,0,1,1,0,1,0,0,0,1,0,No
5188-HGMLP,74,3919.15,73,54,1,1,1,0,0,0,0,0,0,1,Yes
5195-KPUNQ,96.75,5206.55,72,53,1,0,1,1,1,0,1,0,1,0,No
5197-PYEPU,94.45,3923.8,21,42,0,1,0,1,1,0,0,1,0,1,Yes
5198-EFNBM,90.65,5199.8,66,57,1,0,1,0,1,1,0,1,0,1,Yes
5219-YIPTK,104.4,3409.6,46,33,0,1,1,0,1,1,0,1,1,1,Yes
5223-UZAVK,100.3,6603.8,51,64,0,0,1,1,1,0,0,1,1,0,No
5229-DTFYB,98.8,3959.15,64,41,0,0,1,0,1,0,1,1,1,0,No
5229-PRWKT,86.55,649.65,47,8,0,1,1,0,0,0,0,0,1,0,No
5240-CAOYT,87.55,4884.85,30,57,0,1,1,1,1,0,1,0,0,0,No
5240-IJOQT,74.7,74.7,69,1,1,1,1,0,0,0,0,0,0,0,No
5293-WXJAK,104.05,1133.65,73,11,1,1,1,0,0,1,1,1,1,1,Yes
5297-MDOIR,81.15,5224.5,20,63,0,0,1,1,0,1,0,0,0,1,Yes
5298-GSTLM,101.4,6176.6,74,60,1,1,1,1,0,0,0,1,1,0,No
5307-DZCVC,85.95,2628.6,78,32,1,1,1,0,0,0,0,1,0,1,Yes
5312-IRCFR,92.85,5980.75,21,64,0,1,1,0,1,1,0,0,1,1,Yes
5325-UWTWJ,90.55,2929.75,47,31,0,1,1,1,1,0,1,0,0,1,Yes
5327-CNLUQ,96.9,4473.45,33,48,0,1,1,1,1,1,0,1,0,1,Yes
5331-RGMTT,99.05,5295.7,67,54,1,1,0,0,0,1,0,1,1,1,Yes
5336-UFNZP,107.45,7047.5,65,65,1,1,1,0,1,1,0,1,1,1,Yes
5339-PXDVH,90.65,367.95,43,4,0,1,1,1,0,0,0,1,0,0,No
5339-TJFEK,105.5,6487.2,22,62,0,1,0,1,1,0,0,1,1,1,Yes
5349-IECLD,94.95,178.1,61,2,0,0,1,0,0,1,0,1,1,0,No
5357-TZHPP,84.4,732.5,67,9,1,1,1,0,0,0,0,0,1,0,No
5364-XYIRR,94.65,4812.75,44,51,0,1,1,0,0,0,0,1,1,1,Yes
5366-IJEQJ,88.7,1761.45,20,20,0,1,1,0,0,1,0,1,0,0,No
5375-XLDOF,114.35,7665.8,24,69,0,1,0,1,1,1,1,1,1,1,Yes
5376-DEQCP,70.6,70.6,48,1,0,0,1,0,0,0,0,0,0,0,No
5394-SVGJV,98.8,3475.55,27,37,0,1,1,0,0,0,1,1,1,0,No
5397-TUPSH,70.95,4555.2,76,65,1,0,1,0,0,0,0,0,0,1,Yes
5414-OFQCB,90.45,5229.8,34,57,0,1,0,0,0,0,1,1,0,0,No
5419-CONWX,99.8,442.85,65,4,1,0,1,0,1,1,0,1,1,0,No
5419-JKZNQ,77.9,2351.45,65,30,1,1,1,0,0,0,0,0,0,1,Yes
5429-LWCMV,89.15,1057.55,52,12,0,1,0,0,1,0,0,0,1,0,No
5442-BHQNG,70.35,139.25,32,2,0,0,1,0,0,0,0,0,0,0,No
5445-UTODQ,81.1,576.65,35,7,0,0,1,0,0,0,0,1,0,1,Yes
5449-FIBXJ,103.3,2012.7,34,19,0,1,1,0,0,1,1,1,1,1,Yes
5451-YHYPW,115.75,8443.7,75,72,1,1,0,1,1,1,1,1,1,1,Yes
5473-KHBPS,95.7,4976.15,53,52,0,1,1,0,1,1,0,1,0,1,Yes
5481-NTDOH,107.05,7142.5,67,67,1,1,1,1,0,1,0,1,1,1,Yes
5494-HECPR,80.25,80.25,34,1,0,0,1,0,0,0,0,1,0,0,No
5498-TXHLF,87.45,2874.15,39,34,0,1,1,0,0,1,0,1,0,1,Yes
5502-RLUYV,103.95,7446.9,42,69,0,1,1,0,1,1,0,1,1,1,Yes
5536-RTPWK,99.05,4853.75,54,49,0,1,1,0,1,0,0,1,1,1,Yes
5553-AOINX,104.9,6891.45,67,66,1,1,1,0,1,1,0,1,1,1,Yes
5564-NEMQO,75.3,75.3,80,1,1,0,0,0,0,1,0,0,0,0,No
5565-FILXA,96.15,1529.2,76,16,1,1,1,0,0,0,0,1,1,0,No
5566-SOEZD,80.65,2209.75,47,27,0,0,1,1,1,0,0,0,0,1,Yes
5569-IDSEY,105.7,7472.15,52,71,0,1,1,0,1,1,0,1,1,1,Yes
5572-ZDXHY,84.3,1855.65,25,22,0,0,1,0,1,0,0,0,1,0,No
5574-NXZIU,109.2,7049.75,36,63,0,0,1,1,1,1,1,1,1,0,No
5578-NKCXI,99.25,5846.65,20,58,0,0,1,1,1,0,0,1,1,1,Yes
5583-SXDAG,70,70,41,1,0,0,0,0,0,0,0,0,0,1,Yes
5590-BYNII,100.75,2095,51,22,0,1,1,1,0,0,0,1,1,0,No
5609-CEBID,94.1,1782.4,77,20,1,1,0,0,1,1,0,0,1,0,No
5609-IMCGG,84.35,1302.65,44,15,0,1,1,1,0,1,0,0,0,0,No
5647-FXOTP,105.9,6401.25,71,60,1,1,0,0,1,1,0,1,1,1,Yes
5649-VUKMC,95.5,1115.15,61,12,0,0,1,0,0,1,0,1,1,0,No
5650-YLIBA,81.15,2640.55,60,31,0,1,1,0,1,0,0,0,0,0,No
5651-CRHKQ,86.2,3339.05,53,41,0,0,1,0,1,1,1,0,0,1,Yes
5652-MSDEY,75.75,777.3,37,10,0,1,1,0,0,0,0,0,0,0,No
5666-CYCYZ,89.55,2259.35,21,24,0,1,1,0,0,0,1,0,1,0,No
5692-ICXLW,90.7,2845.15,75,31,1,1,0,0,1,0,0,1,0,0,No
5698-BQJOH,94.4,857.25,41,9,0,1,1,0,0,0,0,1,1,0,No
5716-LIBJC,104.15,1299.1,29,13,0,1,1,0,1,1,0,1,1,0,No
5732-IKGQH,104.45,5481.25,79,52,1,0,1,1,0,1,1,1,1,1,Yes
5747-PMBSQ,92.5,934.1,72,10,1,0,0,0,1,1,1,1,0,1,Yes
5795-KTGUD,110.8,7553.6,61,68,0,1,1,1,1,1,0,1,1,1,Yes
5797-APWZC,90.6,90.6,41,1,0,0,1,0,0,0,0,1,1,0,No
5804-HYIEZ,106.05,7554.05,40,70,0,1,1,1,1,0,0,1,1,1,Yes
5811-IWXYM,101.25,5301.1,20,52,0,1,1,0,0,1,0,1,1,1,Yes
5813-UECBU,83.85,2716.3,78,33,1,1,1,0,1,1,0,0,0,0,No
5827-MWCZK,96.95,5432.2,39,56,0,1,1,0,1,0,1,1,0,1,Yes
5832-XKAES,69.8,134.7,56,2,0,0,1,0,0,0,0,0,0,0,No
5835-BEQEU,76.95,228.4,44,3,0,1,0,0,0,0,0,0,0,0,No
5842-POCOP,88.9,454.15,37,5,0,0,1,1,0,1,0,0,1,1,Yes
5879-SESNB,75.25,888.65,34,11,0,1,1,0,0,0,0,0,0,0,No
5883-GTGVD,99.95,1931.75,54,19,0,1,1,0,1,0,0,1,1,0,No
5884-GCYMI,69.4,69.4,62,1,0,0,1,0,0,0,0,0,0,0,No
5895-QSXOD,70.05,657.5,42,9,0,0,1,0,0,0,0,0,0,0,No
5899-MQZZL,75,999.45,25,13,0,1,1,0,0,0,0,0,0,0,No
5899-OUVKV,94.5,2979.2,56,31,0,0,1,0,1,0,0,1,1,0,No
5913-INRQV,90.15,3128.8,71,34,1,0,1,1,0,0,1,1,0,1,Yes
5914-DVBWJ,85.45,1505.85,80,18,1,1,1,0,1,0,1,0,0,0,No
5922-ABDVO,89.65,1761.05,20,19,0,1,0,0,0,1,0,0,1,1,Yes
5928-QLDHB,76.25,684.85,48,9,0,1,1,0,0,0,0,0,0,0,No
5947-SGKCL,105.35,1559.25,19,15,0,1,1,0,1,1,0,1,1,1,Yes
5956-VKDTT,74.35,334.8,72,5,1,1,1,0,0,0,0,0,0,1,Yes
5956-YHHRX,104.35,2271.85,75,21,1,1,0,0,1,1,0,1,1,0,No
5959-BELXA,96.15,3019.25,67,32,1,1,1,0,0,0,0,1,1,0,No
5966-EMAZU,108.5,6880.85,27,64,0,1,1,1,0,1,1,1,1,1,Yes
5980-NOPLP,96.1,4364.1,19,44,0,1,1,0,0,0,0,1,1,1,Yes
5995-SNNEW,104.45,2184.85,80,23,1,1,0,0,1,1,0,1,1,1,Yes
5998-DZLYR,94.35,5703,55,61,0,1,1,0,1,0,1,0,1,1,Yes
6000-APYLU,80.8,713.1,39,9,0,0,1,0,0,0,0,0,1,0,No
6017-PPLPX,70.45,1470.95,47,20,0,0,1,0,0,0,0,0,0,1,Yes
6029-WTIPC,101.1,3744.05,73,37,1,1,1,0,0,1,0,1,1,0,No
6035-RIIOM,97.2,5129.45,39,54,0,1,1,0,1,0,0,1,1,0,No
6047-YHPVI,69.7,316.9,56,5,0,0,1,0,0,0,0,0,0,0,No
6048-UWKAL,105.4,6998.95,73,69,1,1,1,0,1,0,1,1,1,1,Yes
6050-FFXES,105.35,7240.65,51,69,0,1,0,0,0,1,1,1,1,1,Yes
6067-NGCEU,111.05,7107,50,65,0,1,1,1,1,1,0,1,1,0,No
6077-BDPXA,70.15,194.2,56,3,0,0,1,0,0,0,0,0,0,0,No
6080-TCMYC,81.2,3292.3,55,40,0,1,1,0,0,1,0,0,0,1,Yes
6087-MVHJH,88.45,1422.1,44,16,0,1,0,0,0,1,0,0,1,0,No
6097-EQISJ,102.45,6615.15,41,66,0,1,0,0,1,1,0,1,1,1,Yes
6116-RFVHN,100.45,3414.65,20,34,0,1,1,0,0,1,0,1,1,1,Yes
6137-NICCO,94.05,518.75,39,6,0,1,1,0,1,1,0,1,0,1,Yes
6161-UUUTA,79.9,260.9,77,3,1,0,1,0,0,0,0,1,0,0,No
6166-ILMNY,69.75,144.55,46,2,0,0,1,0,0,0,0,0,0,0,No
6173-GOLSU,94.65,6079,79,67,1,1,1,0,0,0,0,1,1,1,Yes
6175-IRFIT,78.75,426.35,32,5,0,0,0,0,0,0,0,0,1,0,No
6199-IWKGC,100.25,4753.85,71,46,1,1,1,0,0,0,1,1,1,1,Yes
6202-DYYFX,76,1783.6,64,22,0,1,1,0,0,0,0,0,0,0,No
6212-ATMLK,95.7,4729.75,42,50,0,1,0,0,0,0,0,1,1,0,No
6215-NQCPY,99.7,1566.75,53,15,0,1,1,1,0,0,0,1,1,0,No
6229-LSCKB,79.7,497.6,69,6,1,0,1,0,0,0,0,1,0,0,No
6234-PFPXL,95.9,2234.95,42,22,0,1,1,1,0,0,1,1,0,1,Yes
6234-RAAPL,99.9,7251.7,60,72,0,1,1,1,1,0,1,1,0,1,Yes
6242-SGYTS,94.95,5791.85,19,62,0,1,1,1,1,0,0,1,0,1,Yes
6250-CGGUN,84.4,4484.05,41,54,0,0,1,1,0,1,1,0,0,0,No
6259-WJQLC,81.1,2619.25,77,32,1,1,1,0,0,1,0,0,0,0,No
6267-DCFFZ,90.05,2627.2,68,30,1,1,1,0,1,0,0,1,0,1,Yes
6284-AHOOQ,90.5,1910.6,71,22,1,1,1,0,0,0,1,1,0,0,No
6308-CQRBU,109.25,7707.7,32,71,0,1,1,0,1,1,1,1,1,1,Yes
6311-UEUME,78.9,2384.15,37,29,0,0,1,0,0,0,0,1,0,0,No
6322-PJJDJ,94.8,4690.65,58,49,0,0,0,0,1,0,0,1,1,1,Yes
6328-ZPBGN,95.15,997.65,67,11,1,1,1,0,0,0,0,1,1,0,No
6352-TWCAU,86.45,3029.1,32,35,0,1,1,0,0,0,0,1,0,0,No
6358-LYNGM,74.9,74.9,26,1,0,1,1,0,0,0,0,0,0,0,No
6360-SVNWV,73.55,2094.65,72,31,1,0,1,1,0,0,0,0,0,0,No
6365-MTGZX,96,2122.45,44,24,0,0,1,0,0,0,1,1,1,0,No
6379-RXJRQ,70.1,659.65,42,10,0,0,1,0,0,0,0,0,0,1,Yes
6383-ZTSIW,99.1,3877.95,77,39,1,0,1,1,1,0,0,1,1,1,Yes
6386-SZZKH,107.95,5293.2,38,49,0,1,1,0,1,1,1,1,1,1,Yes
6394-MFYNG,107.4,5121.3,20,48,0,1,1,0,1,1,0,1,1,0,No
6400-BWQKW,79.05,434.5,51,6,0,1,1,1,0,0,0,0,0,0,No
6408-OTUBZ,104.55,6779.05,44,66,0,1,1,1,1,1,1,1,0,0,No
6413-XKKPU,89.4,1539.45,54,17,0,0,1,1,0,1,0,1,0,1,Yes
6437-UKHMV,79.7,586.05,31,7,0,0,1,0,0,0,0,1,0,0,No
6439-GTPCA,87.25,3941.7,29,45,0,1,1,0,0,1,1,0,0,0,No
6457-USBER,80.8,80.8,34,1,0,0,1,0,0,0,0,0,1,0,No
6465-GSRCL,106.6,7244.7,19,67,0,1,1,0,1,0,1,1,1,0,No
6474-FVJLC,86,165.45,61,2,0,1,1,0,0,0,0,0,1,0,No
6480-YAGIY,112.2,5031.85,57,45,0,0,1,1,1,1,1,1,1,0,No
6481-OGDOO,90.6,6056.15,31,67,0,0,1,1,1,0,0,0,1,1,Yes
6496-SLWHQ,105,294.45,68,3,1,1,1,0,1,1,0,1,1,0,No
6502-HCJTI,94.7,673.1,78,7,1,1,1,1,1,0,0,0,1,1,Yes
6502-MJQAE,69.6,69.6,27,1,0,0,1,0,0,0,0,0,0,0,No
6507-ZJSUR,90.45,2117.25,76,23,1,0,0,0,0,0,0,1,1,1,Yes
6513-EECDB,73.55,73.55,75,1,1,1,1,0,0,0,0,0,0,1,Yes
6519-ZHPXP,108.3,7679.65,51,72,0,0,0,1,1,1,1,1,1,1,Yes
6538-POCHL,79,2576.8,59,33,0,0,1,0,1,1,0,0,0,0,No
6543-XRMYR,99.7,2967.35,73,30,1,1,0,0,1,0,0,1,1,0,No
6557-BZXLQ,69.65,1043.3,66,16,1,0,1,0,0,0,0,0,0,0,No
6559-RAKOZ,97.95,4917.9,61,49,0,1,1,0,0,0,1,1,1,1,Yes
6568-POCUI,95.2,4285.8,51,45,0,0,0,0,0,0,1,1,1,1,Yes
6583-KQJLK,94.65,1285.05,66,15,1,0,1,0,1,0,0,1,1,1,Yes
6583-SZVGP,108.1,5067.45,59,48,0,1,1,0,1,1,0,1,1,0,No
6595-YGXIT,88.95,2291.2,71,25,1,1,1,0,1,0,0,1,0,0,No
6599-CEBNN,73.95,2524.45,63,34,0,0,1,0,1,0,0,0,0,0,No
6599-RCLCJ,109.55,5124.55,54,47,0,1,0,0,1,1,1,1,1,1,Yes
6603-QWSPR,104.4,4904.2,20,46,0,0,1,0,1,1,1,1,1,0,No
6615-NGGZJ,100.55,1415.55,56,14,0,1,1,0,1,0,0,1,1,0,No
6627-CFOSN,99.45,5623.7,54,59,0,1,0,1,1,1,0,0,1,0,No
6633-SYEUS,83.2,2032.3,23,23,0,0,1,0,1,1,1,0,0,0,No
6635-CPNUN,96.6,2684.35,25,28,0,1,1,0,1,1,0,1,0,1,Yes
6647-ZEDXT,110.45,3327.05,19,30,0,1,1,0,1,1,1,1,1,0,No
6653-CBBOM,70.3,70.3,57,1,0,0,1,0,0,0,0,0,0,0,No
6680-NENYN,104.6,4759.85,24,43,0,1,1,0,1,1,0,1,1,0,No
6689-VRRTK,109.8,4860.35,71,44,1,1,1,1,1,1,0,1,1,0,No
6693-FRIRW,101.3,1794.65,61,18,0,0,1,0,1,1,0,1,1,0,No
6705-LXORM,70.05,302.6,79,5,1,0,1,0,0,0,0,0,0,1,Yes
6712-OAWRH,91.25,2351.8,79,26,1,0,1,0,0,0,0,1,1,0,No
6719-FGEDO,97,7104.2,27,72,0,1,1,1,1,1,1,0,0,1,Yes
6726-NNFWD,89.45,6435.25,74,71,1,0,1,0,1,1,0,0,1,1,Yes
6729-GDNGC,80.7,1614.2,71,20,1,0,1,0,0,0,0,1,0,0,No
6733-LRIZX,108.95,4025.5,42,35,0,1,1,1,0,1,1,1,1,0,No
6741-EGCBI,90.5,2595.85,69,30,1,1,1,1,0,0,0,0,1,0,No
6745-JEFZB,91.5,3236.35,64,35,0,1,0,0,0,0,1,1,0,1,Yes
6769-DYBQN,85,3969.4,77,46,1,0,1,1,0,0,0,0,1,0,No
6794-HKIAJ,90.7,5586.45,44,62,0,1,1,1,1,1,0,0,0,0,No
6797-LNAQX,98.3,6859.5,34,70,0,1,0,0,1,0,0,1,1,1,Yes
6797-UCJHZ,104.6,6819.45,74,66,1,1,1,0,1,1,0,1,1,1,Yes
6804-GDMOI,106.6,6428.4,39,61,0,1,1,0,0,1,1,1,1,0,No
6807-SIWJI,104.85,3887.25,47,38,0,1,1,1,1,0,0,1,1,0,No
6818-DJXAA,91.1,964.35,43,10,0,0,1,0,0,1,1,1,0,0,No
6821-BUXUX,96.65,1244.5,28,13,0,1,1,1,1,0,0,1,0,0,No
6833-JMZYP,94,1505.45,54,15,0,0,1,0,0,1,0,1,1,0,No
6856-RAURS,74.9,136.05,50,2,0,1,1,0,0,0,0,0,0,0,No
6857-VWJDT,95.65,95.65,45,1,0,1,1,0,0,0,0,1,1,0,No
6859-QNXIQ,113.1,8248.5,43,72,0,1,1,1,1,1,1,1,1,1,Yes
6896-SRVYQ,73.85,3122.4,69,44,1,0,0,0,0,1,0,0,0,0,No
6897-UUBNU,89.65,2623.65,39,29,0,0,0,0,1,0,1,1,0,0,No
6900-PXRMS,105.75,2710.25,72,26,1,1,0,0,1,1,0,1,1,1,Yes
6906-ANDWJ,74.9,1107.25,39,15,0,1,1,0,0,0,0,0,0,1,Yes
6908-VVYHM,90.65,5931,52,65,0,1,0,0,1,0,0,0,1,1,Yes
6917-YACBP,89.75,5496.9,80,59,1,1,1,1,1,1,0,0,0,0,No
6918-UMQCG,80.2,384.25,25,5,0,0,1,0,0,0,0,1,0,0,No
6919-ELBGL,114.95,8196.4,75,72,1,1,1,1,1,1,1,1,1,1,Yes
6927-WTFIV,71.3,1389.2,78,20,1,0,1,0,0,0,0,0,0,0,No
6941-PMGEP,80,412.5,26,5,0,0,0,0,0,0,0,0,1,0,No
6950-TWMYB,79.95,4362.05,31,54,0,0,1,0,1,0,1,0,0,1,Yes
6956-SMUCM,99,287.4,29,3,0,0,0,1,0,1,0,1,1,0,No
6961-VCPMC,80.4,3605.2,71,46,1,0,0,0,0,0,0,0,1,1,Yes
6968-GMKPR,81.55,4509.5,39,55,0,0,1,0,1,1,0,0,0,0,No
6969-MVBAI,90.1,816.8,66,9,1,1,1,0,0,1,0,1,0,0,No
6986-IJDHX,86.3,3266,29,39,0,0,1,0,1,0,0,1,0,1,Yes
6988-CJEYV,98.7,4920.55,56,49,0,1,1,0,1,0,0,1,1,0,No
6993-OHLXR,68.95,119.75,26,2,0,0,1,0,0,0,0,0,0,0,No
7005-CCBKV,84.4,556.35,53,6,0,0,1,0,1,0,0,0,1,0,No
7017-VFHAY,115.1,7008.15,42,61,0,1,1,1,1,1,1,1,1,1,Yes
7020-OZKXZ,75.5,637.4,65,9,1,0,1,0,0,1,0,0,0,0,No
7028-DVOIQ,99.05,3395.8,71,35,1,1,0,0,0,1,0,1,1,0,No
7029-RPUAV,100.45,1622.45,74,17,1,1,1,0,0,1,0,1,1,1,Yes
7030-FZTFM,110.9,7922.75,31,72,0,1,0,0,1,1,1,1,1,1,Yes
7064-FRRSW,99,4744.35,71,48,1,1,1,0,1,0,0,1,1,0,No
7074-IEVOJ,79.4,205.05,75,3,1,1,1,0,1,0,0,0,0,0,No
7129-AZJDE,78.95,2647.2,59,34,0,0,1,0,0,0,0,0,1,1,Yes
7130-VTEWQ,75.75,606.25,74,8,1,1,1,0,0,0,0,0,0,0,No
7133-VBDCG,79.85,2015.35,54,25,0,0,1,1,1,0,0,0,0,0,No
7134-MJPDY,102.85,6976.75,69,66,1,1,0,0,0,1,1,1,1,0,No
7159-NOKYQ,93.15,6368.2,42,67,0,1,0,0,1,1,0,0,1,1,Yes
7173-TETGO,78.5,5602.25,66,72,1,1,1,1,0,0,0,0,0,1,Yes
7180-PISOG,74.5,74.5,41,1,0,1,1,0,0,0,0,0,0,1,Yes
7198-GLXTC,79,143.65,33,2,0,0,1,0,0,0,0,1,0,0,No
7206-GZCDC,69.25,69.25,75,1,1,0,1,0,0,0,0,0,0,0,No
7206-PQBBZ,70.2,834.7,76,11,1,0,1,0,0,0,0,0,0,1,Yes
7208-PSIHR,104.3,7188.5,50,70,0,1,0,0,0,1,1,1,1,1,Yes
7209-JCUDS,94.9,1048.85,25,10,0,0,1,0,0,1,0,1,1,0,No
7218-HKQFK,94.2,167.5,49,2,0,0,1,0,0,0,1,1,1,1,Yes
7225-CBZPL,94.8,1563.9,79,17,1,1,1,0,0,0,0,1,1,1,Yes
7233-DRTRF,102.4,6444.05,47,63,0,1,1,0,1,1,0,1,1,1,Yes
7234-FECYN,101.35,780.5,78,8,1,1,1,0,0,1,0,1,1,0,No
7235-NXZCP,74.85,156.4,79,2,1,1,1,0,0,0,0,0,0,0,No
7245-JMTTQ,111.5,5703.25,19,51,0,1,1,0,1,1,1,1,1,0,No
7245-NIIWQ,69.85,199.85,53,3,0,0,1,0,0,0,0,0,0,0,No
7249-WBIYX,85.6,813.85,63,10,0,1,1,0,0,0,0,1,0,1,Yes
7251-XFOIL,89.2,5500.6,60,61,0,1,1,0,0,1,0,0,1,0,No
7254-IQWOZ,69.65,69.65,30,1,0,0,1,0,0,0,0,0,0,0,No
7268-IGMFD,93.9,1743.9,75,18,1,1,1,0,0,1,1,1,0,0,No
7274-RTAPZ,90.55,90.55,20,1,0,0,1,0,0,0,0,1,1,0,No
7295-JOMMD,98.1,396.3,34,4,0,0,1,0,0,1,1,1,1,0,No
7315-WYOAW,100.75,1313.25,29,13,0,1,0,0,0,0,1,1,1,0,No
7317-GGVPB,108.6,7690.9,57,71,0,1,0,0,1,1,1,1,1,1,Yes
7321-PKUYW,90.15,987.95,46,11,0,1,1,0,0,0,1,1,0,0,No
7321-VGNKU,70.35,120.25,45,2,0,0,0,0,0,0,0,0,0,1,Yes
7359-WWYJV,114.45,8375.05,53,72,0,1,1,1,1,1,1,1,1,1,Yes
7375-WMVMT,95.5,6707.15,75,71,1,0,1,0,1,1,1,0,1,1,Yes
7379-POKDZ,70.3,208.85,31,3,0,0,1,0,0,0,0,0,0,1,Yes
7395-IGJOS,81.5,1329.2,70,17,1,0,1,0,0,0,0,0,1,1,Yes
7398-LXGYX,84.8,3626.35,53,44,0,1,1,1,0,1,0,0,0,1,Yes
7401-RUBNK,74.8,1438.05,25,18,0,0,1,1,0,0,0,0,0,1,Yes
7402-PWYJJ,91.15,4862.5,21,53,0,1,0,0,0,0,1,0,1,1,Yes
7409-JURKQ,111.8,5809.75,29,53,0,1,1,0,1,1,1,1,1,1,Yes
7410-OIEDU,79.85,887.35,29,10,0,0,1,1,0,1,0,0,0,0,No
7450-NWRTR,99.45,1200.15,76,12,1,1,1,0,0,1,0,1,1,0,No
7472-EQOAV,86.7,6179.35,76,71,1,0,1,1,1,1,0,0,0,1,Yes
7480-QNVZJ,95.7,4816.7,65,50,1,1,1,0,0,0,0,1,1,0,No
7483-IQWIB,92.95,3415.25,33,37,0,1,1,0,1,1,0,1,0,1,Yes
7488-MXJIV,85.65,321.65,63,4,0,1,0,0,0,0,0,1,0,0,No
7503-ZGUZJ,84.65,84.65,25,1,0,1,0,0,0,0,0,1,0,0,No
7508-MYBOG,86.1,1235.55,20,14,0,1,1,0,0,0,0,1,0,1,Yes
7508-SMHXL,89,1288.3,72,15,1,1,1,0,1,0,0,1,0,0,No
7519-JTWQH,110.5,7455.45,30,69,0,1,1,0,1,1,1,1,1,0,No
7537-CBQUZ,109.4,7031.45,68,63,1,1,1,1,1,1,0,1,1,0,No
7538-GWHML,69.65,145.15,52,2,0,0,1,0,0,0,0,0,0,0,No
7548-SEPYI,96.25,512.45,62,5,0,0,1,0,1,0,0,1,1,0,No
7549-MYGPK,100.55,6215.35,48,63,0,1,0,1,1,1,0,1,0,1,Yes
7562-GSUHK,93.2,1573.7,40,16,0,0,1,0,1,1,0,0,1,0,No
7563-BIUPC,80.6,415.55,30,5,0,0,0,0,0,0,0,1,0,0,No
7567-ECMCM,79.85,2001,23,24,0,0,1,0,0,0,0,0,1,0,No
7576-JMYWV,110.2,4972.1,76,46,1,1,1,1,1,0,1,1,1,1,Yes
7586-ZATGZ,84.9,3369.05,59,40,0,1,1,0,0,0,0,1,0,0,No
7596-LDUXP,85.15,979.05,61,12,0,0,1,1,0,0,0,1,0,0,No
7598-UAASY,76.4,151.8,19,2,0,0,1,0,0,1,0,0,0,1,Yes
7602-MVRMB,110.45,8058.85,62,72,0,1,1,1,0,1,1,1,1,1,Yes
7603-USHJS,73.75,871.4,27,12,0,1,1,0,0,0,0,0,0,0,No
7611-YKYTC,75,1573.95,50,22,0,0,1,1,0,0,0,0,0,1,Yes
7613-LLQFO,84.45,1059.55,41,12,0,1,1,0,0,0,0,1,0,0,No
7625-XCQRH,76.5,837.95,48,11,0,1,1,0,0,0,0,0,0,0,No
7629-WFGLW,95.65,5471.75,80,56,1,1,1,1,1,1,1,0,0,1,Yes
7638-QVMVY,79,522.95,63,7,0,0,1,0,0,0,0,1,0,0,No
7641-EUYET,100.7,4541.2,76,46,1,1,1,1,1,1,0,1,0,1,Yes
7641-TQFHN,100.55,3895.35,21,39,0,1,1,0,0,0,1,1,1,0,No
7654-YWJUF,84.25,3539.25,61,43,0,0,1,1,0,1,1,0,0,1,Yes
7663-ZTEGJ,100.55,2830.45,46,29,0,1,0,0,1,1,1,0,1,0,No
7666-WKRON,80.45,3201.55,39,39,0,0,1,0,0,1,1,0,0,0,No
7682-AZNDK,89.85,3091.75,25,34,0,0,1,0,1,1,0,1,0,1,Yes
7691-XVTZH,89.95,5974.3,30,68,0,1,1,0,0,1,0,1,0,1,Yes
7710-JSYOA,93.3,6398.05,59,69,0,1,1,0,1,0,1,0,1,1,Yes
7748-UMTRK,101.3,2974.5,80,30,1,1,1,0,0,0,1,1,1,0,No
7752-XUSCI,105.9,6396.45,20,60,0,1,1,0,1,1,0,1,1,0,No
7762-URZQH,106.05,6981.35,30,66,0,1,1,1,0,1,0,1,1,1,Yes
7779-LGOVN,86.65,856.65,74,10,1,1,1,0,0,0,0,0,1,1,Yes
7786-WBJYI,77.95,305.55,31,4,0,1,1,0,1,0,0,0,0,0,No
7789-HKSBS,105.2,4599.15,79,42,1,1,1,1,0,1,0,1,1,1,Yes
7801-KICAO,74.15,1345.75,43,18,0,1,1,0,0,0,0,0,0,0,No
7813-ZGGAW,96.6,2877.95,68,31,1,1,1,0,0,1,1,1,0,0,No
7817-BOQPW,75.55,166.3,32,2,0,1,1,0,0,0,0,0,0,0,No
7820-ZYGNY,90.45,5825.5,33,63,0,1,0,0,1,0,0,0,1,0,No
7821-DPRQE,107.7,7320.9,25,68,0,1,1,1,1,0,1,1,1,1,Yes
7831-QGOXH,85.2,1553.9,27,18,0,1,1,0,0,0,0,1,0,0,No
7852-LECYP,93.8,1261,79,13,1,1,1,1,1,0,0,0,1,1,Yes
7861-UVUFT,84.3,1308.4,36,15,0,0,1,0,0,1,0,1,0,1,Yes
7868-TMWMZ,110,6668.35,69,60,1,0,1,1,1,1,1,1,1,1,Yes
7881-INRLC,100.85,4740,34,45,0,1,1,0,1,0,0,1,1,0,No
7892-POOKP,104.8,3046.05,23,28,0,1,1,0,0,1,1,1,1,1,Yes
7901-HXJVA,76.45,1117.55,20,14,0,0,1,0,0,1,0,0,0,0,No
7901-TBKJX,101.05,5594,76,56,1,1,0,0,0,1,0,1,1,0,No
7903-CMPEY,80.3,80.3,78,1,1,1,1,1,0,0,0,0,0,1,Yes
7908-QCBCA,69.4,69.4,47,1,0,0,0,0,0,0,0,0,0,1,Yes
7916-VCCPB,73.25,1195.75,58,16,0,0,1,0,1,0,0,0,0,1,Yes
7921-LMDFQ,94,4905.75,69,51,1,0,1,0,0,1,0,1,1,0,No
7924-GJZFI,69.3,1813.1,75,25,1,0,1,0,0,0,0,0,0,1,Yes
7928-VJYAB,90.6,1020.2,44,11,0,0,1,0,0,0,0,1,1,1,Yes
7929-DMBCV,81,1683.7,45,20,0,0,1,0,0,1,1,0,0,1,Yes
7929-SKFGK,114.3,8244.3,23,70,0,1,1,1,1,1,1,1,1,1,Yes
7938-OUHIO,98.7,293.65,28,3,0,0,1,0,0,1,1,1,1,0,No
7940-UQQUG,104.4,6721.6,42,64,0,1,1,1,0,0,1,1,1,1,Yes
7957-RYHQD,79.2,3233.85,65,40,1,0,1,1,1,0,0,0,0,0,No
7964-VEXDG,80.35,1747.2,61,21,0,1,1,1,0,0,0,0,0,0,No
7964-ZRKKG,88.4,5798.3,44,67,0,1,1,0,1,0,0,1,0,1,Yes
7967-HYCDE,70.7,553.4,26,8,0,0,1,0,0,0,0,0,0,0,No
7969-AULMZ,97.35,2119.5,63,21,0,1,1,0,0,0,0,1,1,0,No
7971-HLVXI,84.5,6130.85,62,72,0,1,1,0,0,0,0,0,1,1,Yes
7973-DZRKH,90.95,5930.05,20,66,0,1,1,1,0,1,1,0,0,0,No
7994-UYIVZ,85.65,659.45,62,8,0,1,0,0,0,0,0,0,1,1,Yes
7997-EASSD,81.2,4965.1,56,63,0,1,1,0,0,0,1,0,0,1,Yes
8000-REIQB,69.95,69.95,73,1,1,0,0,0,0,0,0,0,0,0,No
8010-EZLOU,80.2,1217.25,75,15,1,1,1,0,1,0,0,0,0,0,No
8017-LXHFA,94.75,2293.6,77,23,1,0,1,0,1,0,0,1,1,0,No
8029-XYPWT,115.05,8016.6,72,71,1,1,1,1,1,1,1,1,1,1,Yes
8035-PWSEV,89.25,487.05,60,6,0,0,1,0,0,1,1,0,1,0,No
8058-INTPH,79.65,79.65,57,1,0,0,1,0,0,0,0,1,0,0,No
8058-JMEQO,84.45,762.5,76,9,1,1,1,0,0,0,0,0,1,0,No
8059-UDZFY,105.35,3465.05,73,33,1,1,1,0,1,1,0,1,1,0,No
8062-YBDOE,69.65,69.65,70,1,1,0,1,0,0,0,0,0,0,0,No
8065-QBYTO,99.65,7181.25,68,71,1,1,1,1,1,0,1,1,0,0,No
8071-SBTRN,111.15,7737.55,63,70,0,1,1,1,1,1,0,1,1,0,No
8087-LGYHQ,94.05,811.65,40,9,0,0,1,0,0,1,0,1,1,0,No
8089-UZWLX,104.05,7413.55,75,71,1,1,1,0,0,1,0,1,1,0,No
8099-MZPUJ,111.8,5443.65,49,48,0,1,1,1,1,1,1,1,1,1,Yes
8104-OSKWT,79.8,1001.2,61,12,0,1,1,1,0,0,0,0,0,0,No
8111-RKSPX,72.2,305.55,20,4,0,1,1,0,0,0,0,0,0,0,No
8118-TJAFG,101.5,906.85,33,9,0,0,1,0,1,0,1,1,1,1,Yes
8123-QBNAZ,104.5,3684.95,39,36,0,1,1,1,0,1,0,1,1,1,Yes
8128-YVJRG,79.65,604.7,61,7,0,1,1,1,0,0,0,0,0,0,No
8152-VETUR,97.7,6869.7,26,72,0,1,1,0,1,0,0,1,1,1,Yes
8161-QYMTT,94.1,701.3,55,7,0,1,1,0,0,0,0,1,1,0,No
8178-EYZUO,93.7,4154.8,48,46,0,1,1,1,1,0,0,0,1,0,No
8182-BJDSI,89.95,2625.55,56,28,0,1,1,0,1,0,0,0,1,0,No
8185-UPYBR,75.5,438,33,6,0,1,1,0,0,0,0,0,0,1,Yes
8199-ZLLSA,118.35,7804.15,53,67,0,1,1,1,1,1,1,1,1,0,No
8212-CRQXP,80,1706.45,20,22,0,0,0,0,0,0,0,1,0,1,Yes
8212-DJRCH,90.35,434.5,33,5,0,0,1,1,0,1,0,0,1,1,Yes
8258-GSTJK,77,237.75,74,3,1,1,1,0,0,0,0,0,0,0,No
8263-QMNTJ,115.55,8425.3,46,72,0,1,1,1,1,1,1,1,1,1,Yes
8266-VBFQL,90.4,356.65,55,4,0,0,1,0,0,1,1,0,1,0,No
8268-YDIXR,93.15,5253.95,45,56,0,1,1,1,1,1,0,0,0,1,Yes
8270-RKSAP,70.5,597.9,30,9,0,0,1,0,0,0,0,0,0,0,No
8294-UIMBA,94.4,2638.1,64,30,0,0,1,0,0,0,1,1,1,0,No
8325-QRPZR,75.15,525,56,7,0,0,0,0,0,1,0,0,0,0,No
8327-LZKAS,107.55,4533.9,80,43,1,1,0,0,0,1,1,1,1,1,Yes
8329-GWVPJ,69.75,3557.7,39,50,0,0,1,0,0,0,0,0,0,1,Yes
8337-MSSXB,86.3,1180.95,64,14,0,0,0,0,1,0,0,0,1,0,No
8357-EQXFO,95.35,660.9,46,7,0,0,1,0,0,1,0,1,1,0,No
8382-SHQEH,84.9,764.95,58,8,0,1,1,0,0,0,0,0,1,1,Yes
8393-DLHGA,95.9,2448.75,55,25,0,0,1,0,1,0,0,1,1,0,No
8398-TBIYD,84.7,6185.15,45,72,0,1,1,1,0,0,1,0,0,0,No
8417-FMLZI,83.55,477.55,47,6,0,0,1,0,1,0,0,0,1,1,Yes
8421-WZOOW,95.3,5567.45,75,57,1,0,1,0,1,1,1,1,0,1,Yes
8436-BJUMM,83.75,2070.6,62,26,0,1,1,0,0,0,0,1,0,1,Yes
8443-ZRDBZ,76.05,318.9,62,4,0,1,1,0,0,0,0,0,0,0,No
8456-QDAVC,78.7,1495.1,57,19,0,0,1,0,0,0,0,1,0,0,No
8468-EHYJA,99.65,5497.05,32,57,0,1,1,1,0,0,0,1,1,1,Yes
8480-PPONV,115.55,7159.05,56,62,0,1,1,1,1,1,1,1,1,1,Yes
8485-GJCDN,69.05,318.5,71,5,1,0,1,0,0,0,0,0,0,0,No
8496-DMZUK,90.4,2820.65,62,30,0,1,1,1,1,1,0,0,0,0,No
8519-IMDHU,85.6,1345.55,74,15,1,1,1,0,0,0,0,0,1,1,Yes
8541-QVFKM,73.5,632.2,22,8,0,1,1,0,0,0,0,0,0,0,No
8544-GOQSH,80.05,1112.3,51,14,0,0,1,0,1,0,1,0,0,0,No
8552-OBVRU,104.5,5068.05,79,48,1,0,1,1,0,1,1,1,1,1,Yes
8565-HBFNN,107.2,7317.1,51,69,0,1,1,1,1,1,1,0,1,1,Yes
8591-TKMZH,111.1,6555.2,40,59,0,1,1,1,1,0,1,1,1,1,Yes
8603-IJWDN,86.6,86.6,41,1,0,1,1,0,0,0,0,0,1,0,No
8606-CIQUL,115.75,8399.15,77,72,1,1,0,1,1,1,1,1,1,1,Yes
8621-MNIHH,94.25,3217.55,75,34,1,1,1,0,1,1,0,0,1,1,Yes
8637-XJIVR,78.95,927.35,34,12,0,1,0,1,0,0,0,0,0,0,No
8639-NHQEI,95.9,6954.15,26,72,0,1,1,1,1,0,0,1,0,1,Yes
8647-SDTWQ,74.3,4018.35,59,57,0,1,0,0,0,0,0,0,0,1,Yes
8651-ENBZX,106,6441.4,68,60,1,1,0,0,0,1,1,1,1,0,No
8659-IOOPU,100.45,7159.7,25,71,0,1,1,1,0,1,1,0,1,1,Yes
8679-LZBMD,90.65,3974.15,30,44,0,0,1,0,0,0,0,1,1,1,Yes
8685-WHQPW,74.4,1692.6,79,22,1,1,0,0,0,0,0,0,0,0,No
8687-BAFGU,74,74,34,1,0,0,1,0,0,0,1,0,0,0,No
8699-ASUFO,74.4,527.9,72,7,1,1,1,0,0,0,0,0,0,1,Yes
8708-XPXHZ,94.2,4186.3,25,42,0,1,1,0,0,0,0,1,1,1,Yes
8714-CTZJW,82.85,319.6,24,4,0,0,1,0,0,1,0,0,1,0,No
8714-EUHJO,91.15,2995.45,39,31,0,1,0,0,1,0,0,0,1,1,Yes
8725-JEDFD,69.05,1793.25,26,27,0,0,1,0,0,0,0,0,0,0,No
8728-SKJLR,74.25,3089.1,45,41,0,0,1,0,0,0,1,0,0,0,No
8739-WWKDU,89.5,2196.15,69,25,1,1,1,0,1,0,0,1,0,0,No
8761-NSOBC,100.55,4398.15,41,44,0,0,1,0,1,0,1,1,1,0,No
8775-ERLNB,74.3,74.3,76,1,1,1,1,0,0,0,0,0,0,1,Yes
8778-LMWTJ,74.85,708.2,28,9,0,0,1,1,0,0,0,0,0,0,No
8780-IXSTS,90.1,521.3,53,6,0,1,1,0,1,0,0,1,0,0,No
8782-LKFPK,90.4,4063,50,44,0,1,1,0,0,1,0,0,1,0,No
8812-ZRHFP,86.45,2538.05,53,30,0,0,1,0,0,1,0,0,1,1,Yes
8818-XYFCQ,99.55,3204.65,39,32,0,1,0,1,0,0,0,1,1,1,Yes
8819-ZBYNA,109.1,6393.65,51,58,0,1,1,1,1,0,1,1,1,1,Yes
8837-VVWLQ,84.95,668.4,35,8,0,0,1,1,0,0,0,1,0,0,No
8849-GYOKR,106.55,5763.3,59,54,0,1,1,1,1,0,0,1,1,1,Yes
8868-GAGIO,84.55,3713.95,49,45,0,1,1,1,0,1,0,0,0,1,Yes
8871-JLMHM,90.2,6297.65,27,68,0,1,1,0,1,1,1,0,0,1,Yes
8883-ANODQ,84.4,5746.75,44,68,0,1,1,0,1,1,0,0,0,1,Yes
8905-IAZPF,95.65,6744.2,32,69,0,0,1,0,1,0,0,1,1,1,Yes
8910-LEDAG,71.55,2427.35,72,34,1,0,1,0,0,0,0,0,0,1,Yes
8920-NAVAY,110.75,7053.35,66,62,1,1,1,0,1,1,1,1,1,0,No
8922-LIEGH,89.7,2187.55,72,25,1,1,1,0,1,0,0,0,1,0,No
8929-KSWIH,99.3,2513.5,21,25,0,0,1,0,0,1,1,1,1,0,No
8931-GJJIQ,83.3,803.3,46,9,0,1,1,0,0,0,0,0,1,0,No
8943-URTMR,79.65,152.7,56,2,0,0,1,0,0,0,0,1,0,0,No
8984-EYLLL,105.25,6823.4,29,64,0,1,1,0,1,0,1,1,1,1,Yes
9019-QVLZD,79.55,79.55,58,1,0,0,0,0,0,0,0,1,0,0,No
9029-FEGVJ,79.3,2570,68,32,1,1,1,0,0,1,0,0,0,1,Yes
9036-CSKBW,107.45,5680.9,62,51,0,1,1,1,1,1,0,1,1,0,No
9050-IKDZA,81.5,162.55,66,2,1,0,1,0,0,0,0,1,0,0,No
9057-SIHCH,96.6,291.9,48,3,0,1,1,0,0,0,0,1,1,0,No
9058-MJLZC,94.6,2283.15,37,24,0,0,1,1,0,0,0,1,1,0,No
9061-TIHDA,95.25,1233.65,67,13,1,1,1,0,0,0,0,1,1,1,Yes
9093-FPDLG,94.2,999.9,54,11,0,0,1,0,1,1,1,0,1,0,No
9094-AZPHK,100.15,1415,64,15,0,1,0,0,1,0,0,1,1,0,No
9095-HFAFX,81,389.6,61,5,0,0,0,0,0,0,0,1,0,0,No
9101-BWFSS,108.55,5610.7,58,50,0,1,1,1,1,0,1,1,1,1,Yes
9102-IAYHT,85.45,1451.6,29,17,0,1,1,0,0,0,0,0,1,1,Yes
9112-WSNPU,70.55,2419,65,35,1,0,1,0,0,0,0,0,0,0,No
9121-PHQSR,85.05,1391.15,69,16,1,1,1,0,0,0,0,1,0,1,Yes
9124-LHCJQ,85.45,85.45,22,1,0,1,1,0,0,0,0,0,1,0,No
9134-WYRVP,86.35,4267.15,51,51,0,0,1,1,0,0,0,1,0,0,No
9139-WQQDY,100.45,4941.8,35,49,0,1,1,0,1,0,0,1,1,1,Yes
9154-QDGTH,104.3,4451.85,20,43,0,1,1,0,0,1,1,1,1,1,Yes
9158-VCTQB,113.6,4594.95,41,41,0,1,1,1,1,1,1,1,1,1,Yes
9167-APMXZ,84.15,1821.95,23,22,0,1,0,0,0,0,0,1,0,0,No
9168-INPSZ,104.15,4495.65,75,44,1,1,1,0,0,1,1,1,1,1,Yes
9170-CCKOU,90.2,1454.15,62,17,0,1,1,1,1,1,0,0,0,1,Yes
9172-ANCRX,98.7,973.25,35,10,0,1,1,1,0,0,0,1,1,0,No
9208-OLGAQ,84.95,1443.65,70,18,1,0,0,0,0,1,0,0,1,0,No
9220-ZNKJI,88.8,4805.3,67,55,1,0,1,0,0,1,1,1,0,1,Yes
9233-PSYHO,100.15,4459.8,68,45,1,1,1,0,0,1,0,1,1,0,No
9237-HQITU,70.7,151.65,19,2,0,0,1,0,0,0,0,0,0,0,No
9274-UARKJ,83.2,1130,60,15,0,0,1,0,1,0,0,1,0,0,No
9279-CJEOJ,95.4,2025.1,77,21,1,1,1,0,0,0,0,1,1,0,No
9286-DOJGF,74.95,2869.85,66,38,1,1,1,0,0,0,0,0,0,1,Yes
9290-SHCMB,96.85,1235.55,74,13,1,0,1,0,0,1,0,1,1,0,No
9300-RENDD,79.95,79.95,56,1,0,0,1,0,0,0,0,1,0,0,No
9314-IJWSQ,84.8,1203.9,46,14,0,1,1,0,0,0,0,1,0,1,Yes
9317-WZPGV,79.75,159.4,74,2,1,0,0,0,0,0,0,0,1,0,No
9330-IJWIO,100.35,1358.85,54,13,0,1,1,1,0,0,0,1,1,0,No
9355-NPPFS,78.8,2006.1,70,26,1,0,1,0,0,0,0,0,1,0,No
9360-AHGNL,109.55,4830.25,74,43,1,1,1,1,0,1,1,1,1,1,Yes
9365-SRSZE,70.55,1943.9,71,27,1,0,1,0,0,0,0,0,0,1,Yes
9389-ACWBI,69.95,320.4,47,5,0,0,1,0,0,0,0,0,0,1,Yes
9391-DXGGG,89.15,3990.75,70,44,1,0,1,0,1,1,0,0,1,0,No
9405-GPBBG,110.5,7069.25,42,64,0,1,0,0,1,1,1,1,1,0,No
9408-HRXRK,105.15,4730.9,63,45,0,1,1,1,1,0,0,1,1,1,Yes
9412-GHEEC,104.8,4131.95,55,40,0,1,1,0,0,1,1,1,1,0,No
9436-ZBZCT,89.95,1178.4,40,14,0,1,1,0,0,0,1,1,0,0,No
9445-SZLCH,97.35,3457.9,39,36,0,1,1,0,1,1,0,1,0,1,Yes
9470-XCCEM,89.65,3161.6,41,35,0,1,0,0,1,0,0,1,0,1,Yes
9475-NNDGC,113.15,7953.25,50,71,0,1,1,0,1,1,1,1,1,1,Yes
9480-BQJEI,92.3,5731.45,35,62,0,1,1,1,1,0,0,0,1,0,No
9481-IEBZY,112.9,8061.5,69,72,1,1,0,1,1,1,1,1,1,1,Yes
9492-TOKRI,90,1527.35,55,18,0,1,1,0,1,0,0,1,0,0,No
9495-SKLKD,95.95,4456.65,54,45,0,1,1,0,1,1,0,0,1,1,Yes
9497-QCMMS,93.55,93.55,73,1,1,1,1,0,0,0,0,1,1,0,No
9507-EXLTT,79.35,79.35,30,1,0,0,1,0,0,0,0,1,0,1,Yes
9529-OFXHY,87.75,1242.2,20,15,0,1,1,1,0,0,0,1,0,0,No
9540-JYROE,70.1,551.35,30,8,0,0,0,0,0,0,0,0,0,0,No
9544-PYPSJ,96.1,6019.35,67,62,1,1,0,0,1,1,0,0,1,1,Yes
9548-ZMVTX,90.45,6565.85,31,72,0,1,1,0,1,1,1,0,0,1,Yes
9565-DJPIB,89.6,365.65,64,4,0,1,1,0,1,0,0,1,0,0,No
9571-EDEBV,98.65,6962.85,60,71,0,1,1,0,0,1,0,1,1,1,Yes
9576-ANLXO,69.55,222.3,30,3,0,0,1,0,0,0,0,0,0,0,No
9603-OAIHC,70.05,70.05,72,1,1,0,1,0,0,0,0,0,0,0,No
9614-RMGHA,91.85,5940.85,29,65,0,1,1,0,1,0,0,1,0,1,Yes
9626-VFRGG,88.5,3645.05,33,41,0,1,1,0,1,0,0,1,0,0,No
9643-AVVWI,80,241.3,49,3,0,0,1,0,1,0,1,0,0,1,Yes
9644-KVCNC,92.15,6056.9,49,66,0,1,1,0,0,1,0,1,0,0,No
9651-GTSAQ,106.1,5769.75,44,53,0,0,1,1,1,1,0,1,1,1,Yes
9659-QEQSY,115.65,5125.5,26,45,0,1,1,1,1,1,1,1,1,0,No
9659-ZTWSM,107.35,7051.95,71,66,1,1,1,0,1,1,1,1,1,1,Yes
9661-ACXBS,105.2,4400.75,26,42,0,1,1,1,0,1,0,1,1,0,No
9680-NIAUV,109.7,8129.3,42,72,0,1,1,1,1,1,0,1,1,1,Yes
9681-KYGYB,88.2,4159.45,75,49,1,1,1,1,1,1,0,0,0,1,Yes
9685-WKZGT,74.95,1036.75,67,14,1,1,1,0,0,0,0,0,0,0,No
9692-TUSXH,96.05,1740.7,23,18,0,0,1,1,0,0,0,1,1,0,No
9696-RMYBA,80.1,398.55,56,5,0,0,1,0,0,0,0,1,0,0,No
9699-UBQFS,94.5,4156.8,76,43,1,1,1,1,1,0,0,1,0,1,Yes
9742-XOKTS,89.55,6038.55,60,67,0,1,1,1,1,0,1,0,0,1,Yes
9762-YAQAA,81.4,3213.75,54,39,0,1,1,0,1,0,0,0,0,0,No
9770-KXGQU,98.6,5311.85,52,53,0,1,1,1,1,1,0,1,0,0,No
9776-CLUJA,77.5,3807.35,69,51,1,1,1,1,0,0,0,0,0,1,Yes
9776-OJUZI,95.45,6223.3,69,65,1,1,1,0,1,1,0,1,0,0,No
9777-IQHWP,93.4,5822.3,53,64,0,1,1,1,0,1,0,0,1,1,Yes
9777-WJJPR,88.65,2683.2,46,31,0,1,1,0,0,1,0,1,0,1,Yes
9787-XVQIU,75.3,75.3,38,1,0,1,0,0,0,0,0,0,0,0,No
9821-BESNZ,104.25,6860.6,43,66,0,1,1,0,1,0,1,1,1,0,No
9822-WMWVG,106.5,4282.4,20,41,0,1,1,1,1,1,1,1,0,0,No
9824-BEMCV,69,1149.65,58,17,0,0,1,0,0,0,0,0,0,1,Yes
9831-BPFRI,89.55,3474.45,50,39,0,1,1,0,1,1,1,0,0,1,Yes
9835-ZIITK,110.85,7491.75,66,66,1,1,1,0,1,1,1,1,1,1,Yes
9846-GKXAS,90.8,809.75,53,9,0,0,1,0,0,0,0,1,1,0,No
9874-QLCLH,104.2,1743.5,38,17,0,1,1,1,0,1,0,1,1,1,Yes
9889-TMAHG,100.3,832.35,66,8,1,0,1,1,0,0,1,1,1,0,No
9896-UYMIE,114.3,7383.7,27,66,0,1,1,1,1,1,1,1,1,0,No
9898-KZQDZ,94.55,3640.45,65,40,1,1,1,0,0,0,0,1,1,1,Yes
9903-LYSAB,73.15,1305.95,42,18,0,1,1,0,0,0,0,0,0,1,Yes
9909-IDLEK,96.8,1826.7,32,20,0,1,1,0,1,0,1,1,0,1,Yes
9912-GVSEQ,93.85,2381.55,73,26,1,1,1,0,1,1,0,0,1,1,Yes
9912-OMZDS,106.15,6256.2,63,59,0,1,1,0,1,1,0,1,1,1,Yes
9921-EZKBY,95.3,3275.15,55,33,0,1,1,1,0,1,0,0,1,0,No
9921-QFQUL,90.15,2044.95,33,23,0,1,1,0,0,1,0,0,1,1,Yes
9924-JPRMC,118.2,8547.15,60,72,0,1,1,1,1,1,1,1,1,0,No
9927-DSWDF,104.6,2180.55,53,22,0,0,1,1,1,0,1,1,1,1,Yes
9933-QRGTX,97.2,5611.75,59,60,0,0,1,1,0,0,1,1,1,1,Yes
9944-AEXBM,85.65,2664.3,51,32,0,1,1,0,0,0,0,0,1,0,No
9947-OTFQU,74.4,1074.3,65,15,1,0,1,0,1,0,0,0,0,0,No
9958-MEKUC,103.95,7517.7,26,72,0,1,1,1,1,1,1,0,1,1,Yes
9965-YOKZB,83.85,790.15,73,9,1,1,1,0,0,0,0,0,1,0,No
9985-MWVIX,70.15,70.15,53,1,0,0,1,0,0,0,0,0,0,0,No
